2013-07-01,16650,16.31
2013-07-02,22745,15.97
2013-07-03,21864,16.24
2013-07-04,22326,21.22
2013-07-05,21842,18.04
2013-07-06,20467,19.33
2013-07-07,20477,18.64
2013-07-08,21615,21.49
2013-07-09,26641,16.1
2013-07-10,25732,15.53
2013-07-11,24417,16.83
2013-07-12,19006,15.64
2013-07-13,26119,18.62
2013-07-14,29287,19.36
2013-07-15,28069,15.32
2013-07-16,29842,15.13
2013-07-17,30550,14.67
2013-07-18,28869,14.38
2013-07-19,26591,14.67
2013-07-20,25278,17.95
2013-07-21,30297,18.71
2013-07-22,25979,14.7
2013-07-23,32376,15.74
2013-07-24,35271,15.59
2013-07-25,31084,14.94
2013-07-26,34534,15.67
2013-07-27,32470,18.91
2013-07-28,23508,17.54
2013-07-29,34915,15.69
2013-07-30,37334,15.83
2013-07-31,37261,15.39
2013-08-01,20138,13.38
2013-08-02,35792,16.09
2013-08-03,29540,18.49
2013-08-04,35253,19.72
2013-08-05,36776,16.12
2013-08-06,37702,16.16
2013-08-07,34396,14.69
2013-08-08,28366,14.32
2013-08-09,29017,15.14
2013-08-10,37201,20.44
2013-08-11,33060,19.43
2013-08-12,31457,15.31
2013-08-13,22437,15.65
2013-08-14,38150,15.56
2013-08-15,37386,15.3
2013-08-16,35991,16.39
2013-08-17,37285,20.1
2013-08-18,27612,16.94
2013-08-19,33127,14.89
2013-08-20,35843,14.97
2013-08-21,36315,15.09
2013-08-22,26629,14.41
2013-08-23,33503,15.74
2013-08-24,32941,18.08
2013-08-25,31755,19.06
2013-08-26,29979,15.47
2013-08-27,34208,15.07
2013-08-28,28185,14.16
2013-08-29,34215,14.31
2013-08-30,32318,15.44
2013-08-31,25381,17.86
2013-09-01,25235,18.37
2013-09-02,21416,16.86
2013-09-03,32411,14.44
2013-09-04,36798,15.07
2013-09-05,35825,14.6
2013-09-06,35868,14.81
2013-09-07,34419,17.38
2013-09-08,33196,17.08
2013-09-09,35394,15.26
2013-09-10,36954,14.48
2013-09-11,35812,14.03
2013-09-12,31252,13.68
2013-09-13,36501,14.66
2013-09-14,31607,16.69
2013-09-15,31914,17.27
2013-09-16,31287,13.8
2013-09-17,38283,13.88
2013-09-18,37957,13.93
2013-09-19,39200,14.11
2013-09-20,39382,14.81
2013-09-21,31826,17.05
2013-09-22,29758,16.5
2013-09-23,35152,13.87
2013-09-24,38417,13.78
2013-09-25,38223,13.99
2013-09-26,38189,13.79
2013-09-27,37412,14.23
2013-09-28,34931,17.02
2013-09-29,32592,16.52
2013-09-30,37148,13.73
2013-10-01,40575,13.71
2013-10-02,41383,13.91
2013-10-03,40456,13.72
2013-10-04,40195,14.67
2013-10-05,34181,16.76
2013-10-06,26574,14.69
2013-10-07,25016,12.65
2013-10-08,38365,13.78
2013-10-09,36969,12.84
2013-10-10,31171,12.4
2013-10-11,33357,13.34
2013-10-12,32457,16.88
2013-10-13,28832,15.95
2013-10-14,33018,13.91
2013-10-15,37534,13.48
2013-10-16,36911,13.34
2013-10-17,36888,13.39
2013-10-18,38122,13.88
2013-10-19,29548,15.61
2013-10-20,29256,15.91
2013-10-21,35012,13.79
2013-10-22,36338,12.58
2013-10-23,32365,12.02
2013-10-24,32251,12.12
2013-10-25,30979,12.51
2013-10-26,24569,14.57
2013-10-27,23965,14.66
2013-10-28,31498,12.78
2013-10-29,33414,12.58
2013-10-30,35069,12.16
2013-10-31,31444,12.93
2013-11-01,30384,13.63
2013-11-02,31013,16.59
2013-11-03,20798,13.26
2013-11-04,27142,12.37
2013-11-05,31493,12.21
2013-11-06,34826,13.01
2013-11-07,25719,11.87
2013-11-08,28686,12.61
2013-11-09,21734,14.41
2013-11-10,19712,13.91
2013-11-11,27295,12.65
2013-11-12,19925,11.08
2013-11-13,23633,11.13
2013-11-14,27040,13.03
2013-11-15,29051,12.72
2013-11-16,25194,15.31
2013-11-17,17995,13.47
2013-11-18,30615,13.22
2013-11-19,27417,11.48
2013-11-20,26229,11.41
2013-11-21,28752,11.77
2013-11-22,25448,12.09
2013-11-23,18996,14.31
2013-11-24,9392,11.1
2013-11-25,19116,11.02
2013-11-26,14999,13.04
2013-11-27,7976,11.03
2013-11-28,5204,13.91
2013-11-29,10127,13.15
2013-11-30,9863,13.68
2013-12-01,13326,13.56
2013-12-02,24576,12.38
2013-12-03,27431,12.17
2013-12-04,28199,12.27
2013-12-05,26988,12.38
2013-12-06,10736,11.62
2013-12-07,15545,12.23
2013-12-08,10090,12.17
2013-12-09,14824,10.72
2013-12-10,12850,11.55
2013-12-11,18766,11.96
2013-12-12,17214,11.46
2013-12-13,17888,12.06
2013-12-14,3701,12.06
2013-12-15,7462,15.23
2013-12-16,15562,11.22
2013-12-17,7863,12.22
2013-12-18,14924,11.49
2013-12-19,18766,11.24
2013-12-20,22066,14.08
2013-12-21,17940,14.48
2013-12-22,15063,15.07
2013-12-23,6956,11.89
2013-12-24,11025,12.74
2013-12-25,3260,13.75
2013-12-26,9763,11.94
2013-12-27,11720,12.44
2013-12-28,12022,16.26
2013-12-29,3775,12.16
2013-12-30,13241,12.35
2013-12-31,10424,13.24
2014-01-01,6059,15.38
2014-01-02,8600,12.98
2014-01-03,1144,13.39
2014-01-04,2292,20.4
2014-01-05,2678,13.74
2014-01-06,9510,12.81
2014-01-07,6267,12.1
2014-01-08,9246,10.23
2014-01-09,13354,10.86
2014-01-10,9847,11.19
2014-01-11,7695,12.37
2014-01-12,12515,12.07
2014-01-13,20633,11.78
2014-01-14,9999,11.12
2014-01-15,21630,11.7
2014-01-16,19953,11.39
2014-01-17,20301,12.21
2014-01-18,9438,14.08
2014-01-19,9028,13.61
2014-01-20,13407,13.1
2014-01-21,3804,14.3
2014-01-22,2451,16.58
2014-01-23,5071,15.4
2014-01-24,6176,13.03
2014-01-25,4338,11.47
2014-01-26,4980,11.96
2014-01-27,13119,10.54
2014-01-28,10033,14.22
2014-01-29,10021,11.17
2014-01-30,12158,11.19
2014-01-31,14653,11.71
2014-02-01,12771,13.67
2014-02-02,13816,13.74
2014-02-03,2600,13.29
2014-02-04,8709,12.54
2014-02-05,2746,15.42
2014-02-06,7196,17.35
2014-02-07,8495,17.48
2014-02-08,5986,17.38
2014-02-09,4996,17.12
2014-02-10,6846,14.4
2014-02-11,8343,16.45
2014-02-12,8580,14.08
2014-02-13,876,81.11
2014-02-14,3609,28.91
2014-02-15,2261,18.35
2014-02-16,3003,21.35
2014-02-17,4854,16.12
2014-02-18,5140,14.63
2014-02-19,8506,14.16
2014-02-20,11792,13.57
2014-02-21,8680,11.75
2014-02-22,13044,16.47
2014-02-23,13324,15.58
2014-02-24,12922,12.59
2014-02-25,12830,11.43
2014-02-26,11188,11.07
2014-02-27,12036,10.51
2014-02-28,9587,11.09
2014-03-01,9202,11.87
2014-03-02,8195,11.22
2014-03-03,7708,11.46
2014-03-04,10398,10.33
2014-03-05,13801,10.52
2014-03-06,12773,10.19
2014-03-07,13304,11.05
2014-03-08,16350,15.87
2014-03-09,12262,12.71
2014-03-10,17231,11.22
2014-03-11,24356,12.95
2014-03-12,15101,10.97
2014-03-13,10979,10.65
2014-03-14,16299,10.92
2014-03-15,18053,14.78
2014-03-16,9851,12.28
2014-03-17,12503,10.62
2014-03-18,16679,11.35
2014-03-19,13341,10.86
2014-03-20,19695,11.97
2014-03-21,20718,12.22
2014-03-22,19880,16.06
2014-03-23,11740,12.28
2014-03-24,13598,10.49
2014-03-25,16037,10.42
2014-03-26,14500,10.2
2014-03-27,16666,11.41
2014-03-28,18425,12.24
2014-03-29,4480,11.07
2014-03-30,7907,12.75
2014-03-31,17085,11.83
2014-04-01,23908,12.85
2014-04-02,22515,12
2014-04-03,26321,12.89
2014-04-04,12566,10.68
2014-04-05,18655,14.95
2014-04-06,20750,16.59
2014-04-07,14677,11.32
2014-04-08,21884,12.15
2014-04-09,26931,12.85
2014-04-10,27463,12.73
2014-04-11,26798,13.81
2014-04-12,27108,17.64
2014-04-13,26871,18.38
2014-04-14,28832,14.84
2014-04-15,10523,10.55
2014-04-16,20082,11.89
2014-04-17,22282,12.43
2014-04-18,20770,12.43
2014-04-19,24369,18.44
2014-04-20,18464,16.71
2014-04-21,27124,13.9
2014-04-22,27259,12.71
2014-04-23,26949,12.41
2014-04-24,28107,13.02
2014-04-25,27919,13.53
2014-04-26,19899,16.16
2014-04-27,21926,15.82
2014-04-28,28557,13.44
2014-04-29,18404,11.01
2014-04-30,2867,9.5
2014-05-01,26762,14.31
2014-05-02,32377,14.01
2014-05-03,25501,18.09
2014-05-04,21277,15.44
2014-05-05,30288,14.4
2014-05-06,32233,14.3
2014-05-07,32882,13.29
2014-05-08,17619,12.22
2014-05-09,22641,12.29
2014-05-10,21832,15.36
2014-05-11,28326,18.77
2014-05-12,31644,14.39
2014-05-13,32847,13.42
2014-05-14,30044,12.95
2014-05-15,26057,12.98
2014-05-16,17784,11.66
2014-05-17,29912,17.7
2014-05-18,27436,17.06
2014-05-19,31692,13.41
2014-05-20,35567,14.05
2014-05-21,34420,13.39
2014-05-22,24535,12.21
2014-05-23,24484,12.9
2014-05-24,16798,15.96
2014-05-25,25637,20.05
2014-05-26,26930,19.53
2014-05-27,32936,14.42
2014-05-28,29690,12.47
2014-05-29,33889,13.32
2014-05-30,34343,14.14
2014-05-31,27734,16.66
2014-06-01,31333,18.02
2014-06-02,34519,14.69
2014-06-03,29501,13.37
2014-06-04,36068,13.84
2014-06-05,24619,13.55
2014-06-06,37719,14.53
2014-06-07,31204,17.87
2014-06-08,30162,18.07
2014-06-09,18611,12.93
2014-06-10,33435,13.35
2014-06-11,30548,13.42
2014-06-12,29084,12.58
2014-06-13,18308,12.68
2014-06-14,28417,16.76
2014-06-15,28382,17.32
2014-06-16,34932,14.27
2014-06-17,35097,14.1
2014-06-18,35531,13.56
2014-06-19,31724,13.66
2014-06-20,34405,16.7
2014-06-21,30288,17.23
2014-06-22,29417,16.58
2014-06-23,32580,13.95
2014-06-24,35897,13.74
2014-06-25,34340,13.14
2014-06-26,34846,13.57
2014-06-27,35823,14.69
2014-06-28,28507,16.9
2014-06-29,27986,17.31
2014-06-30,33597,13.8
2014-07-01,34854,13.23
2014-07-02,26582,12.61
2014-07-03,27587,13.29
2014-07-04,13612,15.49
2014-07-05,22913,18.27
2014-07-06,23822,20.22
2014-07-07,31863,14.03
2014-07-08,32713,13.31
2014-07-09,34426,13.33
2014-07-10,36288,13.71
2014-07-11,35000,14.03
2014-07-12,28718,16.7
2014-07-13,24869,15.26
2014-07-14,25825,12.62
2014-07-15,22963,12.22
2014-07-16,35391,13.55
2014-07-17,38619,13.72
2014-07-18,36105,14.46
2014-07-19,29291,16.62
2014-07-20,30296,17.06
2014-07-21,35670,13.68
2014-07-22,36886,13.63
2014-07-23,34173,13.11
2014-07-24,36693,13.74
2014-07-25,36384,14.16
2014-07-26,27179,16.45
2014-07-27,27004,16.2
2014-07-28,33189,13.45
2014-07-29,37092,13.57
2014-07-30,37377,13.56
2014-07-31,35458,13.66
2014-08-01,32654,13.53
2014-08-02,26784,16.54
2014-08-03,25276,16.51
2014-08-04,33822,13.99
2014-08-05,34392,13.75
2014-08-06,36336,13.64
2014-08-07,36362,13.85
2014-08-08,34073,14.12
2014-08-09,31636,18.44
2014-08-10,26749,17.21
2014-08-11,33664,13.77
2014-08-12,26261,12.03
2014-08-13,27977,13.22
2014-08-14,35154,14.36
2014-08-15,32480,13.88
2014-08-16,32017,18.71
2014-08-17,27417,16.75
2014-08-18,34339,14.09
2014-08-19,35367,13.93
2014-08-20,35532,14.05
2014-08-21,33804,13.84
2014-08-22,30406,13.58
2014-08-23,26429,16.31
2014-08-24,27493,17.63
2014-08-25,32892,13.79
2014-08-26,34519,13.52
2014-08-27,33721,13.68
2014-08-28,33927,13.82
2014-08-29,31264,14.23
2014-08-30,22689,17.23
2014-08-31,18053,17.05
2014-09-01,23575,19.55
2014-09-02,30507,13.56
2014-09-03,35535,13.65
2014-09-04,36496,14.08
2014-09-05,34831,14.27
2014-09-06,25833,15.77
2014-09-07,29721,17.49
2014-09-08,34335,14.3
2014-09-09,34518,13.62
2014-09-10,37653,14.18
2014-09-11,37081,13.38
2014-09-12,37204,15.75
2014-09-13,17293,15.21
2014-09-14,28688,17.44
2014-09-15,35045,14.66
2014-09-16,25633,13.02
2014-09-17,37453,13.74
2014-09-18,37381,15.11
2014-09-19,34713,13.76
2014-09-20,30011,16.83
2014-09-21,26080,16.31
2014-09-22,33239,13.49
2014-09-23,36347,14.32
2014-09-24,35481,14.16
2014-09-25,16650,12.31
2014-09-26,35116,14.92
2014-09-27,30193,18.08
2014-09-28,29021,18.3
2014-09-29,33161,15.07
2014-09-30,35093,15.19
2014-10-01,27942,12.34
2014-10-02,34492,14.13
2014-10-03,34944,15.28
2014-10-04,13354,14.13
2014-10-05,23456,15.74
2014-10-06,31742,13.73
2014-10-07,32892,13.51
2014-10-08,33607,16.68
2014-10-09,32203,13.68
2014-10-10,30887,14.82
2014-10-11,12965,14.3
2014-10-12,23394,17.59
2014-10-13,22752,13.44
2014-10-14,32614,18.75
2014-10-15,28743,13.51
2014-10-16,26754,13.59
2014-10-17,34132,15.25
2014-10-18,24978,17.85
2014-10-19,18840,14.55
2014-10-20,27914,17.18
2014-10-21,31330,13.24
2014-10-22,9169,11.84
2014-10-23,13371,12.23
2014-10-24,29837,13.54
2014-10-25,24952,16.56
2014-10-26,20768,15.55
2014-10-27,28806,14.05
2014-10-28,32956,12.99
2014-10-29,29999,12.75
2014-10-30,31133,13.21
2014-10-31,27785,18.07
2014-11-01,6002,11.19
2014-11-02,14100,16.12
2014-11-03,26757,13.75
2014-11-04,31174,13.31
2014-11-05,30539,14.53
2014-11-06,12283,12.07
2014-11-07,25355,12.32
2014-11-08,17443,14.52
2014-11-09,18207,15.17
2014-11-10,27655,12.95
2014-11-11,29358,12.82
2014-11-12,27807,12.88
2014-11-13,20652,14
2014-11-14,21082,12.61
2014-11-15,14057,12.99
2014-11-16,13272,13.05
2014-11-17,8116,12.37
2014-11-18,16691,11.1
2014-11-19,16694,13.01
2014-11-20,20611,12.01
2014-11-21,17806,10.81
2014-11-22,12682,13.61
2014-11-23,15669,14.32
2014-11-24,23031,12.73
2014-11-25,25580,14.14
2014-11-26,3675,12.76
2014-11-27,3945,11.86
2014-11-28,8378,11.87
2014-11-29,8183,11.97
2014-11-30,12384,14.76
2014-12-01,18519,12.89
2014-12-02,15367,11.43
2014-12-03,13472,14.23
2014-12-04,21335,11.88
2014-12-05,15818,12.19
2014-12-06,4047,13.02
2014-12-07,10510,11.94
2014-12-08,15557,11.21
2014-12-09,6713,11.4
2014-12-10,10399,11.29
2014-12-11,18141,11.96
2014-12-12,17892,11.39
2014-12-13,12549,16.93
2014-12-14,11941,13.48
2014-12-15,19382,11.99
2014-12-16,16816,11.87
2014-12-17,20346,11.69
2014-12-18,19051,11.24
2014-12-19,17200,11.37
2014-12-20,9582,11.22
2014-12-21,8747,12.43
2014-12-22,13560,12.2
2014-12-23,9422,11.7
2014-12-24,4285,11.68
2014-12-25,4890,18.96
2014-12-26,9895,14.2
2014-12-27,10247,16.14
2014-12-28,7902,13.04
2014-12-29,13549,13.28
2014-12-30,12196,11.5
2014-12-31,9739,12.68
2015-01-01,5317,13.36
2015-01-02,11304,12.19
2015-01-03,4478,10.92
2015-01-04,7849,11.33
2015-01-05,14506,10.63
2015-01-06,8739,10.58
2015-01-07,9646,9.82
2015-01-08,8779,9.93
2015-01-09,7930,10.61
2015-01-10,6109,9.93
2015-01-11,7467,10.38
2015-01-12,8645,10.39
2015-01-13,12797,10.31
2015-01-14,13086,10.38
2015-01-15,14075,10.56
2015-01-16,13843,10.42
2015-01-17,7491,10.95
2015-01-18,1795,12.06
2015-01-19,10710,11.53
2015-01-20,16129,10.8
2015-01-21,15234,10.45
2015-01-22,15864,10.68
2015-01-23,15737,10.66
2015-01-24,4814,10.51
2015-01-25,9379,12.02
2015-01-26,4141,11.09
2015-01-27,1214,15.94
2015-01-28,5401,14.17
2015-01-29,8870,12.53
2015-01-30,9015,10.86
2015-01-31,5188,10.45
2015-02-01,6441,10.64
2015-02-02,1459,15.35
2015-02-03,4754,12.79
2015-02-04,8973,11.63
2015-02-05,9208,10.39
2015-02-06,8575,10.62
2015-02-07,6790,11.44
2015-02-08,6662,11.12
2015-02-09,5160,10.57
2015-02-10,10328,10.64
2015-02-11,11439,10.82
2015-02-12,11269,10.8
2015-02-13,7642,10.38
2015-02-14,4614,10.43
2015-02-15,2581,9.5
2015-02-16,3998,9.93
2015-02-17,4784,10.82
2015-02-18,9170,10.8
2015-02-19,7799,9.93
2015-02-20,6159,10.05
2015-02-21,3157,9.85
2015-02-22,4274,11.95
2015-02-23,7458,10.53
2015-02-24,7402,10.75
2015-02-25,10751,10.86
2015-02-26,9901,11.26
2015-02-27,9864,11
2015-02-28,6318,10.82
2015-03-01,2879,12.34
2015-03-02,7283,11.29
2015-03-03,6533,12.7
2015-03-04,7514,11.67
2015-03-05,1637,15.43
2015-03-06,5162,12.28
2015-03-07,5590,14.79
2015-03-08,7898,13.69
2015-03-09,14878,12.64
2015-03-10,11781,12.06
2015-03-11,19561,13.4
2015-03-12,17530,12.15
2015-03-13,16145,12.06
2015-03-14,3906,12.15
2015-03-15,8838,12.1
2015-03-16,16787,11.89
2015-03-17,14857,11.78
2015-03-18,13842,11.33
2015-03-19,15446,12.82
2015-03-20,8052,11.09
2015-03-21,9338,13.6
2015-03-22,9676,12.48
2015-03-23,13538,10.82
2015-03-24,16166,11.33
2015-03-25,14670,11.68
2015-03-26,14954,11.84
2015-03-27,14107,11.58
2015-03-28,1107,12.67
2015-03-29,9826,14.18
2015-03-30,18075,12.11
2015-03-31,14250,12.69
2015-04-01,20146,13.22
2015-04-02,24227,20.77
2015-04-03,14774,13.7
2015-04-04,14355,15.03
2015-04-05,13799,18.11
2015-04-06,23391,15.09
2015-04-07,16262,11.67
2015-04-08,17872,13.85
2015-04-09,16546,11.79
2015-04-10,16317,12.31
2015-04-11,18643,16.44
2015-04-12,19954,19.1
2015-04-13,24925,15.16
2015-04-14,22703,12.63
2015-04-15,27594,16.24
2015-04-16,27180,13.47
2015-04-17,24175,15.09
2015-04-18,28174,22.17
2015-04-19,21475,18.13
2015-04-20,11202,11.98
2015-04-21,24868,16.3
2015-04-22,21997,12.9
2015-04-23,22074,14.4
2015-04-24,20981,14.68
2015-04-25,21082,18.38
2015-04-26,21594,19
2015-04-27,25501,13.12
2015-04-28,29795,14.79
2015-04-29,31532,14.74
2015-04-30,29252,15.55
2015-05-01,27924,14.36
2015-05-02,25743,19.35
2015-05-03,27694,20.46
2015-05-04,32066,16.65
2015-05-05,33012,16.95
2015-05-06,30313,14.55
2015-05-07,34871,15.37
2015-05-08,34304,16.28
2015-05-09,24329,19.64
2015-05-10,26573,20.35
2015-05-11,32382,16.48
2015-05-12,35225,15.16
2015-05-13,33402,15.45
2015-05-14,40826,16.91
2015-05-15,34945,16
2015-05-16,23882,18.77
2015-05-17,30969,19.89
2015-05-18,31559,16.21
2015-05-19,33895,14.04
2015-05-20,33823,13.87
2015-05-21,31214,13.77
2015-05-22,31891,15.43
2015-05-23,23910,20.41
2015-05-24,25151,21.74
2015-05-25,28164,20.07
2015-05-26,35786,15.2
2015-05-27,33710,13.71
2015-05-28,35934,13.98
2015-05-29,37756,15.6
2015-05-30,31147,18.94
2015-05-31,19586,18.39
2015-06-01,15283,10.94
2015-06-02,11984,11.23
2015-06-03,34590,13.8
2015-06-04,32772,13.39
2015-06-05,31294,13.49
2015-06-06,26334,18.09
2015-06-07,30773,19.35
2015-06-08,33585,14.49
2015-06-09,35412,13.75
2015-06-10,39350,15.83
2015-06-11,37400,14.35
2015-06-12,35136,14.6
2015-06-13,29980,19.43
2015-06-14,28184,18.83
2015-06-15,25087,13
2015-06-16,32147,13.38
2015-06-17,38030,14.45
2015-06-18,35464,13.13
2015-06-19,37380,14.67
2015-06-20,23580,16.73
2015-06-21,25926,18.06
2015-06-22,37677,15.12
2015-06-23,32294,13.69
2015-06-24,41070,15.16
2015-06-25,39673,14.26
2015-06-26,38614,15.52
2015-06-27,15485,15.9
2015-06-28,20591,17.47
2015-06-29,38037,15.26
2015-06-30,38087,14.46
2015-07-01,37539,14.63
2015-07-02,35559,17.68
2015-07-03,26928,18.45
2015-07-04,21706,22.56
2015-07-05,25920,19.97
2015-07-06,35251,15.05
2015-07-07,36837,14.44
2015-07-08,35047,14.53
2015-07-09,31978,15.27
2015-07-10,38559,15.95
2015-07-11,31719,18.82
2015-07-12,31037,20.15
2015-07-13,38485,15.63
2015-07-14,35802,14.04
2015-07-15,34979,14.37
2015-07-16,42356,16.97
2015-07-17,39595,16.06
2015-07-18,28870,18.42
2015-07-19,28531,19.22
2015-07-20,34889,15
2015-07-21,38499,14.46
2015-07-22,42557,15.67
2015-07-23,42175,14.83
2015-07-24,40330,15.1
2015-07-25,31639,20.2
2015-07-26,30543,18.38
2015-07-27,38747,15.52
2015-07-28,40434,14.02
2015-07-29,39428,13.74
2015-07-30,31166,13.44
2015-07-31,38571,14.98
2015-08-01,35179,19.97
2015-08-02,31622,19.15
2015-08-03,38888,14.87
2015-08-04,40783,14.25
2015-08-05,41075,14.35
2015-08-06,42283,14.35
2015-08-07,40999,15.61
2015-08-08,38723,21.16
2015-08-09,32716,24.25
2015-08-10,39870,20.88
2015-08-11,25066,21.17
2015-08-12,42994,18.28
2015-08-13,42170,17.92
2015-08-14,39983,16.07
2015-08-15,37821,21.43
2015-08-16,30344,19.53
2015-08-17,37449,14.14
2015-08-18,39916,14.11
2015-08-19,40726,15.05
2015-08-20,39280,14.21
2015-08-21,38038,14.39
2015-08-22,34277,19.97
2015-08-23,33071,18.22
2015-08-24,38943,14.51
2015-08-25,41655,16.29
2015-08-26,42832,14.3
2015-08-27,43173,14.39
2015-08-28,41755,15.33
2015-08-29,34381,21.11
2015-08-30,32913,18.78
2015-08-31,40119,14.15
2015-09-01,43291,14.22
2015-09-02,43225,15.43
2015-09-03,42879,13.92
2015-09-04,39956,15.87
2015-09-05,34005,20.37
2015-09-06,33199,20.81
2015-09-07,33682,19.94
2015-09-08,42766,15.74
2015-09-09,44005,13.64
2015-09-10,22253,12.54
2015-09-11,47613,15.51
2015-09-12,33661,19.28
2015-09-13,34794,20.11
2015-09-14,44668,16.59
2015-09-15,48729,17.1
2015-09-16,51179,16.26
2015-09-17,50705,17.22
2015-09-18,50285,17.84
2015-09-19,43011,23.09
2015-09-20,40462,22.25
2015-09-21,47180,16.6
2015-09-22,48685,16.31
2015-09-23,48366,17.72
2015-09-24,52706,17.99
2015-09-25,51368,18.58
2015-09-26,42560,21.35
2015-09-27,38285,20.84
2015-09-28,48011,17.79
2015-09-29,48725,17.2
2015-09-30,39445,14.55
2015-10-01,34719,18.45
2015-10-02,9444,18.7
2015-10-03,16564,20.16
2015-10-04,30214,20.88
2015-10-05,44581,18.54
2015-10-06,49719,17.55
2015-10-07,50141,16.42
2015-10-08,50179,18.03
2015-10-09,37283,21.96
2015-10-10,39345,23.58
2015-10-11,38967,25.43
2015-10-12,45584,18.56
2015-10-13,49047,16.98
2015-10-14,49998,15.81
2015-10-15,48783,17.14
2015-10-16,46484,17.56
2015-10-17,31809,20.51
2015-10-18,23978,16.76
2015-10-19,36570,16.25
2015-10-20,45376,16.73
2015-10-21,49121,16.54
2015-10-22,49604,17.31
2015-10-23,44679,17.51
2015-10-24,31713,19.28
2015-10-25,29289,19.48
2015-10-26,42165,15.21
2015-10-27,44553,14.86
2015-10-28,20736,14.43
2015-10-29,45358,16.45
2015-10-30,44518,15.94
2015-10-31,31756,20.49
2015-11-01,30622,20.2
2015-11-02,44534,16.64
2015-11-03,49326,18.02
2015-11-04,49487,16.94
2015-11-05,43006,15.29
2015-11-06,47162,17.1
2015-11-07,35586,21.32
2015-11-08,32317,19.79
2015-11-09,42262,15.84
2015-11-10,21585,13.02
2015-11-11,37705,14.94
2015-11-12,37319,13.34
2015-11-13,38970,14.54
2015-11-14,25299,17.23
2015-11-15,25990,18.14
2015-11-16,40916,15.26
2015-11-17,38939,14.37
2015-11-18,41485,13.99
2015-11-19,21890,14.64
2015-11-20,38205,16.31
2015-11-21,28038,16.87
2015-11-22,23343,16.72
2015-11-23,30136,13.28
2015-11-24,32218,13.3
2015-11-25,30295,15.1
2015-11-26,13291,23.75
2015-11-27,22824,18.53
2015-11-28,15830,18
2015-11-29,18452,15.97
2015-11-30,30213,12.73
2015-12-01,18399,12.88
2015-12-02,23782,13.51
2015-12-03,33917,13.15
2015-12-04,34737,14.55
2015-12-05,26358,21.23
2015-12-06,24943,19.68
2015-12-07,34139,14.11
2015-12-08,35614,13.69
2015-12-09,35306,14.53
2015-12-10,39099,14.73
2015-12-11,39060,15.88
2015-12-12,31957,20
2015-12-13,32001,19.66
2015-12-14,32518,13.53
2015-12-15,38661,13.75
2015-12-16,35643,13.29
2015-12-17,21961,14.38
2015-12-18,30704,14.7
2015-12-19,17778,14.95
2015-12-20,17030,16.17
2015-12-21,29800,12.92
2015-12-22,22941,13.47
2015-12-23,14817,13.38
2015-12-24,18447,18.84
2015-12-25,12333,34.91
2015-12-26,13914,23.21
2015-12-27,13177,21.12
2015-12-28,18889,14.82
2015-12-29,13347,12.11
2015-12-30,22477,15.92
2015-12-31,20376,16.82
2016-01-01,11009,20.22
2016-01-02,14587,17.12
2016-01-03,15499,15.74
2016-01-04,19593,12.86
2016-01-05,18053,11.37
2016-01-06,24569,13.93
2016-01-07,27773,12.9
2016-01-08,28709,14.04
2016-01-09,20846,14.84
2016-01-10,14275,15.18
2016-01-11,22937,11.94
2016-01-12,25211,12.2
2016-01-13,21133,13.28
2016-01-14,23780,13.02
2016-01-15,28435,14.49
2016-01-16,19178,16.92
2016-01-17,12024,16.35
2016-01-18,12718,12.47
2016-01-19,17281,11.17
2016-01-20,23420,12.55
2016-01-21,23672,13.7
2016-01-22,20950,14.86
2016-01-27,6761,17.99
2016-01-28,11946,16.82
2016-01-29,16028,14.06
2016-01-30,12973,15.29
2016-01-31,16118,16.04
2016-02-01,24334,13.25
2016-02-02,28528,14.37
2016-02-03,16203,11.66
2016-02-04,27766,15.73
2016-02-05,13670,13.92
2016-02-06,16933,16.37
2016-02-07,17605,15.89
2016-02-08,19026,12.81
2016-02-09,22741,13.11
2016-02-10,22420,13.48
2016-02-11,18748,13.52
2016-02-12,16449,15.26
2016-02-13,6625,13.9
2016-02-14,4653,15.78
2016-02-15,5884,11.87
2016-02-16,14542,12.41
2016-02-17,23572,12.86
2016-02-18,22261,14.31
2016-02-19,21959,13.21
2016-02-20,24484,20.46
2016-02-21,20052,19.64
2016-02-22,28233,14.05
2016-02-23,16133,12.88
2016-02-24,9761,11.92
2016-02-25,25102,12.41
2016-02-26,22573,12.97
2016-02-27,17226,16.95
2016-02-28,25437,20.96
2016-02-29,27954,13.31
2016-03-01,30509,15.12
2016-03-02,26195,13.53
2016-03-03,24061,13.29
2016-03-04,17369,12.66
2016-03-05,18023,16.75
2016-03-06,18832,16.35
2016-03-07,31492,16.2
2016-03-08,36521,15.03
2016-03-09,41490,18.33
2016-03-10,42252,17.65
2016-03-11,38195,18.28
2016-03-12,32771,22.66
2016-03-13,27550,22.45
2016-03-14,10930,12.24
2016-03-15,31596,15.49
2016-03-16,36067,16.43
2016-03-17,35390,16.21
2016-03-18,34647,15.46
2016-03-19,24048,18.36
2016-03-20,16678,19.04
2016-03-21,26414,13.61
2016-03-22,33497,15.57
2016-03-23,40983,17.21
2016-03-24,36495,15.04
2016-03-25,34097,19.25
2016-03-26,27478,25.45
2016-03-27,22483,21.43
2016-03-28,20345,14.66
2016-03-29,31481,14.37
2016-03-30,33684,16.18
2016-03-31,38348,18.08
2016-04-01,34449,17.7
2016-04-02,21839,18.66
2016-04-03,15322,18.48
2016-04-04,12302,11.24
2016-04-05,26238,15.08
2016-04-06,29365,15.28
2016-04-07,30402,13.86
2016-04-08,30817,16.41
2016-04-09,12702,20.66
2016-04-10,23229,20.43
2016-04-11,32048,14.77
2016-04-12,23765,13.98
2016-04-13,37539,15.09
2016-04-14,38505,16.65
2016-04-15,39676,15.27
2016-04-16,36148,21.13
2016-04-17,38843,24.62
2016-04-18,43994,17.21
2016-04-19,46075,15.25
2016-04-20,44547,17.06
2016-04-21,45570,15.99
2016-04-22,48815,19.97
2016-04-23,33647,23.98
2016-04-24,37866,23.7
2016-04-25,42308,17.73
2016-04-26,34643,16.31
2016-04-27,41931,17.22
2016-04-28,37428,15.52
2016-04-29,34878,18.54
2016-04-30,38258,25.19
2016-05-01,10697,14.55
2016-05-02,38537,17.38
2016-05-03,22858,16.13
2016-05-04,31619,13.67
2016-05-05,39903,15.95
2016-05-06,18860,14.94
2016-05-07,31078,20.77
2016-05-08,31197,21.02
2016-05-09,45724,17.35
2016-05-10,44849,15.38
2016-05-11,51181,16.62
2016-05-12,52273,16.94
2016-05-13,32391,16.22
2016-05-14,42063,23.05
2016-05-15,28661,20.69
2016-05-16,42787,17.33
2016-05-17,43396,15.65
2016-05-18,44803,16.13
2016-05-19,49182,16.15
2016-05-20,52543,18.4
2016-05-21,30519,19.7
2016-05-22,37802,19.76
2016-05-23,48578,15.87
2016-05-24,34796,14.57
2016-05-25,53439,16.46
2016-05-26,52133,15.95
2016-05-27,46937,17.44
2016-05-28,34222,21.96
2016-05-29,36877,24.45
2016-05-30,32619,19.59
2016-05-31,49756,15.29
2016-06-01,54665,18.27
2016-06-02,54401,16.11
2016-06-03,38975,15.67
2016-06-04,40977,21.64
2016-06-05,22397,17.38
2016-06-06,52149,16.09
2016-06-07,51812,15.05
2016-06-08,42250,13.55
2016-06-09,52905,15.76
2016-06-10,53299,16.03
2016-06-11,41030,18.5
2016-06-12,40637,19.73
2016-06-13,49069,15.07
2016-06-14,54813,15.48
2016-06-15,55049,15.64
2016-06-16,46198,14.33
2016-06-17,54236,16.92
2016-06-18,48901,20.86
2016-06-19,45270,21.22
2016-06-20,52247,15.86
2016-06-21,53564,14.27
2016-06-22,55749,15.75
2016-06-23,53206,14.6
2016-06-24,54186,15.93
2016-06-25,43000,20.47
2016-06-26,42992,19.89
2016-06-27,47023,14.96
2016-06-28,49593,14.71
2016-06-29,54882,14.84
2016-06-30,54843,14.29
2016-07-01,39669,17.04
2016-07-02,35837,20.69
2016-07-03,35348,23.13
2016-07-04,34860,20.67
2016-07-05,43744,14.84
2016-07-06,51353,14.84
2016-07-07,48742,14.11
2016-07-08,44419,16.5
2016-07-09,38142,17.58
2016-07-10,41991,20.97
2016-07-11,52870,15.01
2016-07-12,56537,16.04
2016-07-13,55486,16.68
2016-07-14,50350,15.63
2016-07-15,48572,15.1
2016-07-16,38406,18.13
2016-07-17,41347,20.47
2016-07-18,43687,15.44
2016-07-19,54593,15.41
2016-07-20,57225,15.27
2016-07-21,54842,15.43
2016-07-22,49191,15.72
2016-07-23,37523,18.09
2016-07-24,39637,21.14
2016-07-25,35379,14.4
2016-07-26,52912,15.44
2016-07-27,54163,15.9
2016-07-28,50151,14.93
2016-07-29,37703,15.57
2016-07-30,27780,17.54
2016-07-31,27651,16.09
2016-08-01,49401,15.41
2016-08-02,56764,14.99
2016-08-03,57003,15.26
2016-08-04,56604,16.34
2016-08-05,53297,16.14
2016-08-06,44213,19.82
2016-08-07,43631,19.05
2016-08-08,52262,15.65
2016-08-09,56112,14.84
2016-08-10,50114,14.84
2016-08-11,47430,14.22
2016-08-12,44750,16.52
2016-08-13,38912,18.49
2016-08-14,32961,17.4
2016-08-15,49063,14.42
2016-08-16,50426,14.79
2016-08-17,53989,15.48
2016-08-18,53218,15.55
2016-08-19,51669,16.08
2016-08-20,45817,21.15
2016-08-21,35051,20.34
2016-08-22,54404,15.15
2016-08-23,58674,16.09
2016-08-24,58154,15.98
2016-08-25,53487,16.08
2016-08-26,52037,16.26
2016-08-27,45674,20
2016-08-28,44639,19.59
2016-08-29,53288,15.81
2016-08-30,57405,15.32
2016-08-31,57214,14.51
2016-09-01,38187,13.34
2016-09-02,53007,16.31
2016-09-03,41630,19.12
2016-09-04,46023,21
2016-09-05,45436,19.36
2016-09-06,52447,14.6
2016-09-07,60500,15.66
2016-09-08,61596,14.54
2016-09-09,56813,14.74
2016-09-10,48455,17.36
2016-09-11,52245,19.23
2016-09-12,61103,16.01
2016-09-13,64839,15.12
2016-09-14,59203,14.4
2016-09-15,67331,15.07
2016-09-16,65275,15.4
2016-09-17,59200,19.25
2016-09-18,51686,17.32
2016-09-19,34217,13.57
2016-09-20,64891,14.96
2016-09-21,65463,14.89
2016-09-22,67810,14.73
2016-09-23,65517,15.44
2016-09-24,53259,17.91
2016-09-25,53568,18.01
2016-09-26,61386,14.32
2016-09-27,61346,14.14
2016-09-28,59464,13.59
2016-09-29,55578,12.95
2016-09-30,21381,11.51
2017-04-01,23849,18.6
2017-04-02,39780,23.51
2017-04-03,43485,18.12
2017-04-04,29991,16.88
2017-04-05,47636,19.63
2017-04-06,18020,16.07
2017-04-07,35779,12.25
2017-04-08,35936,19.26
2017-04-09,43896,23.3
2017-04-10,50424,21.02
2017-04-11,57310,23.41
2017-04-12,51188,14.59
2017-04-13,52915,15.52
2017-04-14,52232,19.18
2017-04-15,42531,19.47
2017-04-16,48140,30.83
2017-04-17,53247,15.31
2017-04-18,53809,14.7
2017-04-19,45787,12.66
2017-04-20,44264,19.71
2017-04-21,39868,13.17
2017-04-22,34596,16.99
2017-04-23,49107,20.7
2017-04-24,48692,14.03
2017-04-25,20332,11.59
2017-04-26,37727,12.71
2017-04-27,52035,14.99
2017-04-28,62199,16.74
2017-04-29,57701,22.42
2017-04-30,42928,17.93
2017-05-01,56218,15.69
2017-05-02,61207,17.98
2017-05-03,59252,17.57
2017-05-04,57429,16.84
2017-05-05,24009,12.93
2017-05-06,46618,17.84
2017-05-07,34293,15.37
2017-05-08,51553,14.06
2017-05-09,56461,13.92
2017-05-10,58454,15.49
2017-05-11,57208,13.89
2017-05-12,56675,14.97
2017-05-13,5704,19.47
2017-05-14,38729,17.57
2017-05-15,54715,14.22
2017-05-16,64504,15.44
2017-05-17,65794,17.14
2017-05-18,63753,15.25
2017-05-19,62143,15.83
2017-05-20,47859,18.15
2017-05-21,54874,21.25
2017-05-22,24627,12.42
2017-05-23,60032,15.91
2017-05-24,60622,16.64
2017-05-25,17495,11.63
2017-05-26,53768,17.63
2017-05-27,46534,20.08
2017-05-28,46727,24.95
2017-05-29,26322,15.23
2017-05-30,50194,14.6
2017-05-31,59495,15.22
2017-06-01,67403,15.79
2017-06-02,66907,16.27
2017-06-03,56264,19.4
2017-06-04,40138,17.71
2017-06-05,55883,15.64
2017-06-06,41268,12.38
2017-06-07,64453,15.88
2017-06-08,62653,15.59
2017-06-09,66506,19.49
2017-06-10,57087,21.41
2017-06-11,51427,20.41
2017-06-12,57871,15.69
2017-06-13,60921,15.21
2017-06-14,60513,17.42
2017-06-15,64763,18.41
2017-06-16,56403,16.59
2017-06-17,34900,18.48
2017-06-18,49472,22.72
2017-06-19,38310,16.13
2017-06-20,64673,17.39
2017-06-21,67218,17.45
2017-06-22,66308,17.51
2017-06-23,55323,16.4
2017-06-24,52153,20.71
2017-06-25,54655,23.2
2017-06-26,62669,20.13
2017-06-27,64767,16.47
2017-06-28,67752,19.71
2017-06-29,64272,17.41
2017-06-30,58662,19.61
2017-07-01,36737,23.08
2017-07-02,43036,26.9
2017-07-03,48193,21.41
2017-07-04,49924,25.36
2017-07-05,60321,18.01
2017-07-06,62147,17.69
2017-07-07,44068,15.8
2017-07-08,55015,20.28
2017-07-09,57118,20.4
2017-07-10,60907,16.57
2017-07-11,61671,15.85
2017-07-12,61786,15.49
2017-07-13,56475,17.33
2017-07-14,31851,16.52
2017-07-15,56499,19
2017-07-16,56833,21.49
2017-07-17,62555,16.64
2017-07-18,66234,16.66
2017-07-19,63915,16.22
2017-07-20,59663,15.19
2017-07-21,60072,15.76
2017-07-22,48011,18.97
2017-07-23,46942,17.48
2017-07-24,43792,15.02
2017-07-25,65336,14.88
2017-07-26,70323,16.08
2017-07-27,65769,14.64
2017-07-28,63899,15.27
2017-07-29,52947,17.36
2017-07-30,59342,19.03
2017-07-31,64218,14.7
2017-08-01,66677,17.67
2017-08-02,56184,20.03
2017-08-03,66149,19.16
2017-08-04,56394,18.54
2017-08-05,58971,24.42
2017-08-06,56476,22.55
2017-08-07,23395,12.29
2017-08-08,65233,18.12
2017-08-09,67884,21.83
2017-08-10,66249,16.36
2017-08-11,63140,19.48
2017-08-12,60540,23.13
2017-08-13,57518,21.75
2017-08-14,61482,23.3
2017-08-15,52461,15.56
2017-08-16,68436,17.92
2017-08-17,66656,17.59
2017-08-18,36620,17.12
2017-08-19,62442,24.2
2017-08-20,55442,20.31
2017-08-21,61059,18.41
2017-08-22,60541,19.69
2017-08-23,65070,20.26
2017-08-24,66307,20
2017-08-25,64217,16.99
2017-08-26,50109,19.14
2017-08-27,54598,22.6
2017-08-28,60886,16.82
2017-08-29,35152,14.88
2017-08-30,65329,16.34
2017-08-31,64881,15.47
2017-09-01,54881,16.9
2017-09-02,37812,21.4
2017-09-03,30955,20.1
2017-09-04,55285,22.74
2017-09-05,65445,17.34
2017-09-06,42295,13.88
2017-09-07,69519,16.87
2017-09-08,69574,15.89
2017-09-09,60155,18.97
2017-09-10,60711,18.79
2017-09-11,71917,16.35
2017-09-12,74580,15.46
2017-09-13,69566,16.06
2017-09-14,72071,14.62
2017-09-15,72297,17.25
2017-09-16,61036,18.35
2017-09-17,59967,18.68
2017-09-18,64130,14.66
2017-09-19,57910,13.97
2017-09-20,71150,15.33
2017-09-21,67742,15.09
2017-09-22,70127,17.24
2017-09-23,62687,21.88
2017-09-24,57458,18.54
2017-09-25,69200,14.69
2017-09-26,71518,14.12
2017-09-27,69897,14.35
2017-09-28,70883,14.31
2017-09-29,67177,14.83
2017-09-30,50153,15.51
2017-10-01,55505,20.98
2017-10-02,65511,16.06
2017-10-03,69105,15.44
2017-10-04,71454,17.48
2017-10-05,70174,15.33
2017-10-06,70257,26.95
2017-10-07,63635,26.91
2017-10-08,41044,27.23
2017-10-09,38391,15.03
2017-10-10,74118,15.89
2017-10-11,63589,15.35
2017-10-12,61248,21.16
2017-10-13,67020,17.57
2017-10-14,58777,22.4
2017-10-15,56529,16.61
2017-10-16,61730,13.43
2017-10-17,64480,14.58
2017-10-18,70234,16.48
2017-10-19,72311,15.96
2017-10-20,72173,17.64
2017-10-21,65874,18.13
2017-10-22,62150,20.69
2017-10-23,69274,16.22
2017-10-24,48077,13.25
2017-10-25,71287,16.32
2017-10-26,64003,14.97
2017-10-27,69268,18.72
2017-10-28,61348,21.18
2017-10-29,9537,14.53
2017-10-30,49247,13.98
2017-10-31,60242,13.94
2017-11-01,60773,14.49
2017-11-02,70810,15.93
2017-11-03,71818,17.54
2017-11-04,53435,21.42
2017-11-05,34943,14.42
2017-11-06,57606,14.3
2017-11-07,36362,14.38
2017-11-08,54211,14.71
2017-11-09,58417,15.01
2017-11-10,38432,13.71
2017-11-11,28142,13.74
2017-11-12,32471,14.87
2017-11-13,38753,12.49
2017-11-14,52279,13.64
2017-11-15,54230,12.71
2017-11-16,49737,13.12
2017-11-17,48991,14.67
2017-11-18,27745,14.61
2017-11-19,31598,15.5
2017-11-20,45121,12.48
2017-11-21,52451,15
2017-11-22,32298,15.14
2017-11-23,13705,17.55
2017-11-24,23724,18.91
2017-11-25,30518,25.4
2017-11-26,27181,13.7
2017-11-27,46733,13.08
2017-11-28,51170,13.06
2017-11-29,55295,13.36
2017-11-30,51700,11.95
2017-12-01,50708,12.98
2017-12-02,38923,14.49
2017-12-03,33728,13.15
2017-12-04,49630,12.86
2017-12-05,41792,12.43
2017-12-06,46335,12.2
2017-12-07,45367,12.21
2017-12-08,41330,11.66
2017-12-09,10804,13.79
2017-12-10,19815,13.85
2017-12-11,41838,12.99
2017-12-12,42620,12.23
2017-12-13,32623,11.8
2017-12-14,27495,13.3
2017-12-15,22944,11.74
2017-12-16,19060,12.26
2017-12-17,22403,11.64
2017-12-18,40168,12.76
2017-12-19,49503,11.83
2017-12-20,41463,14.19
2017-12-21,37592,11.66
2017-12-22,34341,14.51
2017-12-23,9608,17.3
2017-12-24,13216,13.15
2017-12-25,6479,16.75
2017-12-26,14113,11.75
2017-12-27,16365,13.72
2017-12-28,13420,11.01
2017-12-29,13759,10.92
2017-12-30,5956,12.39
2017-12-31,6569,13.17
2018-01-01,5500,20.77
2018-01-02,18818,11.34
2018-01-03,24299,11.21
2018-01-04,1922,17.33
2018-01-05,4972,16.16
2018-01-06,4295,29.81
2018-01-07,5640,12.76
2018-01-08,15821,17.42
2018-01-09,25091,13.09
2018-01-10,28252,11.87
2018-01-11,33961,12.06
2018-01-12,22254,13.36
2018-01-13,17760,11.61
2018-01-14,12399,23.56
2018-01-15,17637,11.04
2018-01-16,30278,11.39
2018-01-17,19010,10.39
2018-01-18,27662,11.02
2018-01-19,30525,11.87
2018-01-20,28507,14.61
2018-01-21,27908,14.16
2018-01-22,36865,20.77
2018-01-23,28797,13.4
2018-01-24,36078,11.51
2018-01-25,31147,11.39
2018-01-26,33073,11.98
2018-01-27,34351,22.88
2018-01-28,20101,21.78
2018-01-29,36799,11.98
2018-01-30,27996,10.92
2018-01-31,31276,11.03
2018-02-01,35561,11.32
2018-02-02,26313,10.91
2018-02-03,18385,12.37
2018-02-04,13959,11.17
2018-02-05,29068,12.04
2018-02-06,34102,11.46
2018-02-07,15289,10.59
2018-02-08,31564,17.39
2018-02-09,31567,11.61
2018-02-10,16324,15.01
2018-02-11,8809,11.4
2018-02-12,35139,18.19
2018-02-13,35189,11.13
2018-02-14,39591,13.46
2018-02-15,44193,12.13
2018-02-16,29191,11.97
2018-02-17,17921,15.18
2018-02-18,21538,17.15
2018-02-19,25677,12.83
2018-02-20,44480,17.41
2018-02-21,53115,30.36
2018-02-22,27010,11.09
2018-02-23,25634,12.7
2018-02-24,25550,14.26
2018-02-25,16150,19.66
2018-02-26,42570,12.38
2018-02-27,48516,14.21
2018-02-28,50709,15.03
2018-03-01,45564,13.9
2018-03-02,6855,13.45
2018-03-03,28364,16.37
2018-03-04,25262,13.33
2018-03-05,36774,11.71
2018-03-06,42689,13.19
2018-03-07,8188,10.35
2018-03-08,28440,11.29
2018-03-09,34912,12.98
2018-03-10,25444,14.9
2018-03-11,27597,24.69
2018-03-12,36340,13.36
2018-03-13,23137,11.05
2018-03-14,35377,11.43
2018-03-15,39574,21.85
2018-03-16,34921,12.06
2018-03-17,27672,17.89
2018-03-18,25158,14.38
2018-03-19,39278,12.72
2018-03-20,35532,11.49
2018-03-21,3755,12.19
2018-03-22,27308,11.82
2018-03-23,38528,13.43
2018-03-24,34398,20.73
2018-03-25,25562,12.97
2018-03-26,40295,12.77
2018-03-27,41354,12.18
2018-03-28,42520,12.54
2018-03-29,39293,16.09
2018-03-30,34787,13.86
2018-03-31,41794,26.89
2018-04-01,33149,21.5
2018-04-02,22063,16.4
2018-04-03,25881,10.72
2018-04-04,36753,12.15
2018-04-05,39814,13.38
2018-04-06,35624,13.14
2018-04-07,33245,14.38
2018-04-08,28410,14.94
2018-04-09,40509,11.93
2018-04-10,43051,11.53
2018-04-11,48612,12.48
2018-04-12,53168,13.6
2018-04-13,63510,24.08
2018-04-14,62597,22.91
2018-04-15,20440,12.31
2018-04-16,26289,13.66
2018-04-17,44689,11.76
2018-04-18,51110,13.2
2018-04-19,38298,11.34
2018-04-20,47052,16
2018-04-21,63599,23.5
2018-04-22,54284,21.24
2018-04-23,57767,16.77
2018-04-24,58527,14.89
2018-04-25,31214,17.29
2018-04-26,66077,16.64
2018-04-27,39154,12.33
2018-04-28,56745,21.1
2018-04-29,44837,18.7
2018-04-30,41075,13.16
2018-05-01,72035,17.45
2018-05-02,76773,16.61
2018-05-03,69056,20.44
2018-05-04,71199,17.76
2018-05-05,63329,24.56
2018-05-06,48993,17.53
2018-05-07,68917,17.65
2018-05-08,74313,18.98
2018-05-09,78458,18.08
2018-05-10,67455,16.11
2018-05-11,75266,18.96
2018-05-12,34535,16.28
2018-05-13,25986,17.89
2018-05-14,64729,15.9
2018-05-15,52826,16.03
2018-05-16,32766,12.53
2018-05-17,49789,15.31
2018-05-18,63113,17.44
2018-05-19,18026,15.37
2018-05-20,56949,23.55
2018-05-21,71220,22.68
2018-05-22,48508,13.95
2018-05-23,72655,19.2
2018-05-24,74810,19.33
2018-05-25,69345,20.34
2018-05-26,51597,32.99
2018-05-27,25814,24
2018-05-28,49043,22.91
2018-05-29,69090,17.07
2018-05-30,72321,16.62
2018-05-31,55794,13.87
