01-01-2013,39.5,41,31.1,13.3,0
01-01-2014,28.9,33.1,21,9.4,0
01-01-2015,31.2,39,27,11.5,0
01-01-2016,41.9,50,39,11.8,0.03
01-01-2017,46.4,48.9,44.1,9.9,0
01-01-2018,12.6,21.9,8.1,15.1,0
01-02-2013,28.8,41,23,12.5,0
01-02-2014,28.9,33.1,25,14.2,0.01
01-02-2015,38.6,42.1,27,12.6,0
01-02-2016,37.3,43,34,11.9,0
01-02-2017,40,48.9,37.9,8.0,0
01-02-2018,18.4,26.1,8.1,12.3,0
01-03-2013,29.7,34,24.1,9.6,0
01-03-2014,16.6,32,10.9,16.7,0.3
01-03-2015,35.2,42.1,30.9,8.1,0
01-03-2016,40,46.9,34,9.9,0
01-03-2017,42,46.9,37.9,16.2,0.22
01-03-2018,22.6,30,14,7.5,0
01-04-2013,35.1,39,26.1,13.2,0
01-04-2014,15.8,27,9,6.8,0.25
01-04-2015,45.1,57,30.9,8.4,0.85
01-04-2016,33.7,46.9,21,13.9,0
01-04-2017,46.7,54,39.9,11.2,0.41
01-04-2018,26.1,30,17.1,17.0,0.02
01-05-2013,37.6,43,33.1,10.6,0
01-05-2014,29.1,35.6,26.1,4.8,0
01-05-2015,42.5,57,28.9,18.2,0.13
01-05-2016,19.5,37.9,12.9,13.8,0
01-05-2017,33.8,54,28,14.7,0
01-05-2018,16.7,28.9,10,22.4,0
01-06-2013,39.5,46.9,34,6.7,0
01-06-2014,44.7,53.1,25,11.2,0.17
01-06-2015,21.2,28.9,17.6,8.7,0
01-06-2016,32.2,43,12.9,4.2,0
01-06-2017,32.2,36,28,8.4,0.04
01-06-2018,11.8,19.9,8.1,19.8,0
01-07-2013,42.4,46.9,34,9.8,0
01-07-2014,14,36,3.9,19.6,0.24
01-07-2015,21.7,25,15.1,14.8,0.05
01-07-2016,39,48,26.1,3.7,0
01-07-2017,25.4,35.1,21.9,11.2,0.19
01-07-2018,10.8,18,6.1,11.7,0
01-08-2013,41.3,48.9,37,6.9,0
01-08-2014,12.9,21.9,3.9,11.4,0
01-08-2015,13.2,25,8.1,14.6,0
01-08-2016,40.3,48,32,7.0,0
01-08-2017,22.6,28,19,15.5,0.01
01-08-2018,22.2,30.9,6.1,9.4,0
01-09-2013,43.6,51.1,36,4.7,0
01-09-2014,25.7,33.1,9,7.0,0
01-09-2015,24,33.1,8.1,13.3,0
01-09-2016,43.7,48,34,10.8,0
01-09-2017,20.7,27,17.1,10.3,0
01-09-2018,35.5,43,18,11.2,0
01-10-2013,46,51.1,36,13.1,0
01-10-2014,30.2,34,23,4.8,0
01-10-2015,21.7,33.1,17.1,13.3,0.06
01-10-2016,50.9,59,41,12.7,0.63
01-10-2017,27.6,39,17.1,6.5,0
01-10-2018,34.2,43,26.1,6.1,0
01-11-2013,40.1,48,37,6.2,0
01-11-2014,43.7,55,27,9.2,0.22
01-11-2015,24.8,37,17.1,8.5,0
01-11-2016,37.8,59,30.9,16.0,0.79
01-11-2017,46.5,53.1,39,9.0,0.26
01-11-2018,40.1,46.9,26.1,4.8,0
01-12-2013,44,46,37,6.3,0.54
01-12-2014,47.6,55.9,34,13.6,0.45
01-12-2015,36,37.9,19,5.6,0
01-12-2016,32.9,45,26.1,9.0,0
01-12-2017,54.8,68,44.1,9.2,0.31
01-12-2018,47.9,60.1,35.1,9.4,0.01
01-13-2013,44.1,48,42.1,4.7,0.05
01-13-2014,41.8,54,35.1,8.9,0.02
01-13-2015,30.2,39,19,12.1,0.39
01-13-2016,29.3,45,24.1,16.9,0
01-13-2017,53.7,68,37.9,14.2,0.05
01-13-2018,41.7,60.1,25,14.4,0.79
01-14-2013,50.4,55,42.1,5.9,0.01
01-14-2014,45.8,50,35.1,6.6,0.02
01-14-2015,22,36,17.1,9.1,0
01-14-2016,28.7,39,24.1,11.0,0
01-14-2017,32.1,37.9,28.9,7.9,0
01-14-2018,20,25,16,13.8,0.11
01-15-2013,39.4,55,36,7.4,0.13
01-15-2014,42.4,50,36,5.5,0.36
01-15-2015,29.5,34,17.1,7.6,0
01-15-2016,40.2,52,24.1,4.8,0
01-15-2017,35.2,41,28.9,7.1,0.1
01-15-2018,21.6,30,15.1,12.2,0
01-16-2013,35.4,39.9,33.1,6.3,0.6
01-16-2014,39.1,41,37,5.9,0
01-16-2015,34,42.1,25,13.0,0
01-16-2016,46.3,52,34,9.6,0.24
01-16-2017,36.8,44.1,30.9,4.8,0
01-16-2018,27.9,33.1,16,6.9,0
01-17-2013,40.3,44.1,33.1,8.9,0.1
01-17-2014,38.3,46,33.1,5.5,0
01-17-2015,22.3,42.1,17.1,11.8,0
01-17-2016,38.9,46.9,30.2,9.5,0.02
01-17-2017,41.8,44.1,30.9,6.0,0
01-17-2018,33.8,36,24.1,7.9,0.05
01-18-2013,31.7,44.1,26.1,9.9,0
01-18-2014,37.5,46,32,7.7,0
01-18-2015,32.7,41,17.1,4.6,0
01-18-2016,29,44.1,24.1,15.0,0.05
01-18-2017,41.2,45,39,10.6,0.48
01-18-2018,26,36,19.9,12.4,0.12
01-19-2013,37.5,52,28,11.2,0
01-19-2014,29.8,39,25,12.1,0.15
01-19-2015,39.4,43,28.9,12.3,1.98
01-19-2016,22.8,33.1,18,19.0,0
01-19-2017,44,50,39,6.1,0.11
01-19-2018,31.2,39,19.9,9.6,0
01-20-2013,46.9,54,31.1,14.2,0
01-20-2014,39.6,46,25,11.1,0
01-20-2015,37.2,42.1,34,9.6,0
01-20-2016,32.1,37.9,18,13.0,0
01-20-2017,43.1,50,41,6.6,0
01-20-2018,43.4,54,26.1,11.0,0
01-21-2013,31.5,54,28,9.1,0
01-21-2014,25.7,46,14,12.5,0
01-21-2015,30.5,39.9,25,7.0,0
01-21-2016,32.6,37.9,28,10.8,0
01-21-2017,45.8,51.8,41,6.0,0.07
01-21-2018,46.1,54,37,5.3,0
01-22-2013,24.7,32,18,15.6,0
01-22-2014,12.6,32,7,16.6,0.25
01-22-2015,34,39,25,5.3,0
01-22-2016,27.3,37.9,21.9,10.5,0
01-22-2017,46,51.1,41,6.3,0
01-22-2018,42.1,52,37.9,7.1,0
01-23-2013,16.1,28.9,12,14.0,0
01-23-2014,13.5,21,7,11.9,0
01-23-2015,32.4,39,28,9.9,0
01-23-2016,27.9,30,21.9,18.9,0.16
01-23-2017,43.5,48.9,39,22.5,0.03
01-23-2018,44.8,59,35.6,9.1,0.03
01-24-2013,18.6,25,12,11.7,0
01-24-2014,15.7,21,8.1,12.8,0
01-24-2015,35.1,39.9,28,8.3,0.66
01-24-2016,28.3,36,24.1,13.3,0.8
01-24-2017,39.1,45,37.9,18.7,1.24
01-24-2018,42.9,60.1,34,14.2,0.28
01-25-2013,18.6,25,14,10.2,0
01-25-2014,22,27,10.9,12.6,0
01-25-2015,37.6,42.1,32,12.8,0.07
01-25-2016,33.9,37.9,24.1,4.9,0.03
01-25-2017,42.5,50,37.9,14.9,0.61
01-25-2018,29.5,45,24.1,14.6,0
01-26-2013,21.6,28.9,14,10.5,0.04
01-26-2014,21.9,27,18,12.7,0.02
01-26-2015,26.6,35.1,21.2,14.7,0
01-26-2016,40.2,48.9,30,5.6,0
01-26-2017,50,57,39,8.0,0
01-26-2018,32,39,24.1,6.6,0
01-27-2013,25.7,35.1,18,11.8,0
01-27-2014,33.7,44.1,18,9.4,0
01-27-2015,24.4,30,19.9,14.9,0.45
01-27-2016,44.4,48.9,35.1,10.3,0.01
01-27-2017,43.7,57,42.1,15.7,0.02
01-27-2018,42.1,57,28,7.8,0
01-28-2013,32.4,36,21,6.7,0
01-28-2014,18.5,28,12.9,11.8,0
01-28-2015,23.5,34,17.1,11.7,0.01
01-28-2016,37.9,48,28.9,5.4,0
01-28-2017,38.7,45,36,14.5,0
01-28-2018,50.3,57,35.1,6.4,0.19
01-29-2013,39,46,29.1,7.0,0.22
01-29-2014,18.2,23,12.9,8.1,0.05
01-29-2015,26.3,34,17.1,6.1,0
01-29-2016,39.8,44.1,28.9,8.0,0
01-29-2017,39.9,45,36,9.8,0
01-29-2018,42.8,54,39,8.8,0.08
01-30-2013,43.6,54,37,7.5,0.09
01-30-2014,21.6,28.9,14,7.5,0
01-30-2015,33.9,37,21,10.8,0.07
01-30-2016,34,42.1,30,10.4,0
01-30-2017,37,45,33.1,10.4,0
01-30-2018,34.2,44.1,30,11.2,0.06
01-31-2013,49.9,60.1,36,20.0,0.89
01-31-2014,30.5,39,18,7.3,0
01-31-2015,20.4,37,12.9,21.5,0.01
01-31-2016,42.4,55.9,30,6.8,0
01-31-2017,30.9,37.9,28,8.6,0
01-31-2018,26.2,37,19,13.0,0
02-01-2013,30.8,36,28,16.0,0.02
02-01-2014,38.2,44.1,26.1,3.2,0
02-01-2015,27.5,36,12.9,8.8,0
02-01-2016,50.5,59,37,6.5,0
02-01-2017,41.1,48.9,28,10.1,0.06
02-01-2018,36.9,45,19,8.1,0
02-02-2013,25.3,32,19.9,10.9,0
02-02-2014,40.3,55,30,3.3,0
02-02-2015,29.6,36,19.9,11.2,0.84
02-02-2016,45.5,59,37.9,5.0,0
02-02-2017,41.5,48.9,34,11.7,0
02-02-2018,33.4,45,21.9,13.7,0.23
02-03-2013,27,30.9,19.9,5.5,0.04
02-03-2014,35.6,55,30,8.2,0.27
02-03-2015,19.3,33.1,14,13.4,0.26
02-03-2016,48.1,57,37.9,9.0,0
02-03-2017,32.6,46,28,10.5,0
02-03-2018,22.4,39,17.1,13.5,0.18
02-04-2013,28.3,30.9,24.1,13.9,0.03
02-04-2014,29.6,42.1,25,6.2,0.81
02-04-2015,30,39.9,14,5.6,0
02-04-2016,54,57.9,42.1,8.2,0.69
02-04-2017,29.5,36,24.1,14.5,0
02-04-2018,34.8,45,17.1,8.2,0
02-05-2013,29.4,32,25,7.4,0.01
02-05-2014,31.5,36,25,9.0,0.74
02-05-2015,33.2,41,21,12.1,0
02-05-2016,39.4,57.9,32,13.7,0.31
02-05-2017,36.5,44.1,24.1,9.9,0
02-05-2018,37.4,46.9,30,12.6,1.01
02-06-2013,33.4,39.9,28,8.4,0.01
02-06-2014,28.4,34,21.9,8.6,0.44
02-06-2015,18.1,39.9,12,13.3,0
02-06-2016,36,44.1,32,9.3,0.05
02-06-2017,43.1,50,33.1,12.3,0
02-06-2018,31.6,41,28,6.1,0
02-07-2013,30.1,39.9,26.1,8.5,0
02-07-2014,28.5,33.1,21.9,8.9,0
02-07-2015,29,36,12,7.1,0
02-07-2016,39.6,46,32,5.0,0
02-07-2017,39.9,45,37.4,8.8,0.04
02-07-2018,32.8,46.9,28,8.3,0
02-08-2013,33,36,27,14.6,0
02-08-2014,26.8,33.1,21.9,8.0,0
02-08-2015,33,36,26.1,8.9,0.01
02-08-2016,36.7,39.9,30.2,13.5,0
02-08-2017,46.7,62.1,37.9,7.1,0.21
02-08-2018,32.8,46.9,26.1,12.9,0.85
02-09-2013,30,36,27,16.4,0.89
02-09-2014,26.1,28.9,21,6.5,0
02-09-2015,28.9,35.6,25.9,15.3,0.03
02-09-2016,30.2,41,27,8.3,0.06
02-09-2017,36.1,62.1,24.1,15.0,0.15
02-09-2018,30.8,36,26.1,8.2,0
02-10-2013,26.4,36,19.9,8.0,0.22
02-10-2014,25.9,28.9,21,12.4,0.1
02-10-2015,29.9,39,26.1,11.0,0.04
02-10-2016,35.4,39.9,27,7.6,0.01
02-10-2017,24.5,44.1,19,16.5,0.29
02-10-2018,42,51.1,28,5.5,0
02-11-2013,37.9,45,19.9,3.6,0.07
02-11-2014,22.6,28.9,18,11.3,0
02-11-2015,28.4,39,21.9,9.3,0
02-11-2016,28.1,39.9,23,17.3,99.99
02-11-2017,37.5,48.9,19,5.4,0
02-11-2018,45.6,60.1,37.9,4.7,0.82
02-12-2013,42.6,46,34,11.8,0.45
02-12-2014,19,26.1,14,9.2,0
02-12-2015,32.3,39.9,21.9,6.9,0
02-12-2016,21.7,32,17.1,12.3,0.05
02-12-2017,35.9,48.9,30.9,8.8,0.02
02-12-2018,48.1,63,41,11.4,0.99
02-13-2013,38.8,45,34,5.9,0
02-13-2014,28.7,36,14,15.8,0.18
02-13-2015,17.6,39.9,9,18.2,0
02-13-2016,21.6,27,10.9,17.0,0
02-13-2017,38.2,42.1,32,20.7,0.41
02-13-2018,33,41,27,9.9,0
02-14-2013,38.7,46,33.8,7.2,0.02
02-14-2014,35.4,39.9,24.1,16.4,1.75
02-14-2015,22.9,32,9,7.1,0
02-14-2016,8.3,24.1,1,15.8,0
02-14-2017,34.6,42.1,30.9,11.6,0.01
02-14-2018,40.5,54,27,6.8,0.01
02-15-2013,42.6,53.1,34,7.4,0
02-15-2014,34.5,39,30.2,9.7,0.25
02-15-2015,20.5,32,10.9,19.7,0.01
02-15-2016,19.1,30.9,1,6.2,0
02-15-2017,40.9,50,30.9,6.5,0
02-15-2018,51,61,36,6.8,0.13
02-16-2013,38.3,53.1,34,8.4,0.02
02-16-2014,27.2,37,21.9,14.0,0.05
02-16-2015,10.2,26.1,3.9,15.4,0
02-16-2016,46.1,57.2,30.9,13.4,0.49
02-16-2017,36.2,50,33.1,18.5,0
02-16-2018,56.1,61,44.1,9.1,0.16
02-17-2013,30.1,42.1,25,18.8,0
02-17-2014,24.4,33.1,19,11.2,0
02-17-2015,19.4,28,3.9,6.6,0.11
02-17-2016,39.9,57,35.1,12.6,0.8
02-17-2017,34.3,44.1,28.9,15.4,0
02-17-2018,36,59,30,11.3,0.05
02-18-2013,24.5,36,19,18.7,0
02-18-2014,30.6,39.9,19,7.2,0.05
02-18-2015,24.2,30.9,14,5.0,0.02
02-18-2016,33.9,41,28.9,12.8,0
02-18-2017,46.3,64.9,28.9,8.3,0
02-18-2018,37.6,45,30,8.8,0.62
02-19-2013,38.2,46.9,19,8.1,0
02-19-2014,36.4,45,25,5.3,0.1
02-19-2015,22,30.9,15.1,14.9,0
02-19-2016,30.2,37.4,25,7.6,0
02-19-2017,60.4,66,55.9,9.1,0
02-19-2018,41.5,48.9,33.1,5.6,0.02
02-20-2013,35.6,46.9,30,16.3,0.16
02-20-2014,42.5,50,28,8.1,0.25
02-20-2015,10.9,27,3,18.2,0
02-20-2016,47.4,62.1,25,10.1,0
02-20-2017,51.4,66,45,9.9,0
02-20-2018,53.9,70,33.1,6.9,0.03
02-21-2013,29.1,35.1,25,18.0,0
02-21-2014,37.1,46.9,33.8,8.2,0.02
02-21-2015,20.1,28.9,3,8.0,0.01
02-21-2016,53.1,62.1,39.9,8.4,0
02-21-2017,42.1,55,36,8.8,0
02-21-2018,61.8,79,46.9,7.7,0
02-22-2013,29.9,39,25,9.3,0
02-22-2014,45.5,55,34,9.4,0.11
02-22-2015,34.1,42.1,14,3.7,0.71
02-22-2016,46,57,39,6.1,0.05
02-22-2017,48.2,59,36,7.0,0
02-22-2018,50.6,79,37.9,10.1,0.02
02-23-2013,36.8,39.9,27.1,8.0,0
02-23-2014,48,55,37.9,5.2,0
02-23-2015,29.3,42.1,16,14.0,0.11
02-23-2016,38.8,53.1,36,13.0,0
02-23-2017,51.3,64.9,42.1,5.2,0
02-23-2018,37.8,41,37,9.1,0.11
02-24-2013,39.1,46,35.1,11.4,0.3
02-24-2014,40,54,33.1,13.2,0
02-24-2015,12.4,37.9,6.1,9.9,0
02-24-2016,39.8,55.4,35.6,14.0,0.3
02-24-2017,59.6,70,42.1,7.5,0
02-24-2018,46.7,54,36,7.4,0.07
02-25-2013,37.7,46,33.1,9.7,0.03
02-25-2014,28.7,44.1,24.1,12.9,0
02-25-2015,27.7,37.9,6.1,8.7,0
02-25-2016,52.7,61,36,17.1,1.48
02-25-2017,57.1,70,48.9,8.5,0
02-25-2018,42.3,54,39.9,9.6,0.62
02-26-2013,39,44.1,33.1,7.4,0
02-26-2014,28,33.1,24.1,9.2,0
02-26-2015,26.9,37.9,21,9.3,0
02-26-2016,36.6,41,33.1,17.7,0.02
02-26-2017,44.5,64.9,39,16.5,0.32
02-26-2018,46.1,52,39.9,6.4,0.22
02-27-2013,39.9,48.2,36,15.4,0.95
02-27-2014,24.7,33.1,19,9.6,0.01
02-27-2015,23.7,32,19,7.3,0
02-27-2016,32.6,42.1,28,11.5,0
02-27-2017,43.8,54,37,9.5,0
02-27-2018,47.3,57,39.9,7.5,0
02-28-2013,45.5,53.1,37,6.3,0.28
02-28-2014,17.3,33.1,10,13.3,0
02-28-2015,22.1,30,15.1,7.2,0
02-28-2016,46.3,61,28,10.1,0
02-28-2017,49.9,57.9,37,7.5,0
02-28-2018,49.5,62.1,39.9,9.2,0
02-29-2016,51.2,61,39,9.4,0
03-01-2013,40.8,53.1,37,10.2,0
03-01-2014,26.6,37.9,10,5.6,0
03-01-2015,26.7,30,15.1,4.4,0
03-01-2016,46.6,61,39.9,11.4,0.07
03-01-2017,57.6,71.1,44.1,6.5,0
03-01-2018,54.5,62.1,42.1,6.0,0
03-02-2013,37.2,44.1,34,11.6,0
03-02-2014,36.6,39,21,6.0,0
03-02-2015,32.2,37.9,24.1,9.0,0.48
03-02-2016,46.5,55.9,36,15.1,0.17
03-02-2017,55.1,71.1,43,20.0,0.12
03-02-2018,41.9,57.9,35.6,19.1,1.47
03-03-2013,33.3,39.9,30,11.6,0
03-03-2014,25.9,39,19.9,10.6,0.01
03-03-2015,28.4,37.9,24.1,9.8,0
03-03-2016,31.5,36,27,11.9,0
03-03-2017,37.1,43,32,15.2,0
03-03-2018,40.6,46.9,36,20.1,0.71
03-04-2013,33.5,41,28.9,16.3,0
03-04-2014,20.3,32,12.9,6.4,0
03-04-2015,38.9,46.9,24.1,8.0,0.73
03-04-2016,33.7,42.1,27,10.0,0.04
03-04-2017,27.9,42.1,23,18.9,0
03-04-2018,41.9,46.9,37.9,16.6,0
03-05-2013,37.9,48,29.1,11.2,0
03-05-2014,30.6,37,12.9,5.1,0
03-05-2015,32.9,44.1,21.2,8.6,0.46
03-05-2016,34.8,42.1,30,9.4,0.04
03-05-2017,24.9,37.9,17.1,13.9,0
03-05-2018,37.5,44.1,35.1,15.7,0
03-06-2013,40.8,48,33.1,16.0,0
03-06-2014,24.2,37,16,10.2,0
03-06-2015,21,41,15.1,7.1,0.38
03-06-2016,37.8,46.9,30,4.5,0
03-06-2017,34.4,45,17.1,6.3,0
03-06-2018,39.5,46.9,34,8.2,0
03-07-2013,37.1,43,34,16.8,0.01
03-07-2014,29.2,36,16,10.2,0
03-07-2015,26.8,37.9,15.1,9.3,0
03-07-2016,45.1,61,33.1,9.3,0
03-07-2017,46.5,53.1,28,7.7,0
03-07-2018,36.6,41,33.8,14.7,0.1
03-08-2013,34.4,42.1,32,13.4,0.21
03-08-2014,41.6,55.9,26.1,7.3,0
03-08-2015,40.2,48,35.1,8.4,0
03-08-2016,53.9,64,37,5.8,0
03-08-2017,53.8,62.1,43,10.3,0.16
03-08-2018,37.4,42.1,34,12.7,0.8
03-09-2013,43.2,54,32,13.1,0.16
03-09-2014,41.4,55.9,35.1,11.3,0
03-09-2015,44.9,54,35.1,6.5,0.02
03-09-2016,54,75,41,5.3,0
03-09-2017,58.4,64.9,48.9,14.9,0.06
03-09-2018,36.8,44.1,30.9,14.0,0
03-10-2013,41.2,54,34,5.5,0
03-10-2014,41.9,51.1,35.1,8.7,0
03-10-2015,40.7,54,33.1,4.6,0.11
03-10-2016,70,78.1,64,6.7,0
03-10-2017,42.1,64.9,33.1,12.3,0
03-10-2018,37.4,44.1,30.9,14.0,0
03-11-2013,44.5,54,34,7.4,0
03-11-2014,52.3,64.9,37,7.0,0
03-11-2015,46.4,60.1,33.1,7.5,0.44
03-11-2016,61.2,78.1,54,9.7,0.04
03-11-2017,26.3,48.9,19.9,17.7,0.24
03-11-2018,38.9,46,33.1,10.3,0
03-12-2013,50.4,55.9,39.9,13.7,0.07
03-12-2014,48.1,64.9,39,7.4,0
03-12-2015,45.3,60.1,37,16.4,0.02
03-12-2016,49.6,66,41,7.2,0
03-12-2017,26.6,32,19.9,16.2,0
03-12-2018,38.2,46,33.1,10.5,0
03-13-2013,45.4,55.9,41,11.5,0.72
03-13-2014,28.8,54,19,20.9,0.35
03-13-2015,37.1,46.9,30.9,8.4,0
03-13-2016,56.7,64,41,5.6,0
03-13-2017,28.4,37,21.9,9.1,0
03-13-2018,37.3,43,33.1,14.1,0.21
03-14-2013,36.8,52,30,17.3,0
03-14-2014,29.7,44.1,19,12.9,0
03-14-2015,43.6,51.8,37.4,7.1,0.21
03-14-2016,47.6,64,41,12.0,0.02
03-14-2017,32.1,37,23,19.5,0.32
03-14-2018,36.7,42.1,32,16.3,0.05
03-15-2013,37,48,30.9,13.7,0
03-15-2014,47.9,57.9,39,11.1,0
03-15-2015,44.1,51.1,37,14.0,0.81
03-15-2016,48,57,41,12.8,0.17
03-15-2017,26.1,34,23,17.1,0.71
03-15-2018,38.6,48,32,15.0,0
03-16-2013,38.3,48,31.1,8.0,0
03-16-2014,37.7,57.9,30,14.2,0
03-16-2015,40.2,51.1,36,9.3,0
03-16-2016,53.5,64.9,44.1,3.2,0
03-16-2017,31.8,41,23,16.3,0
03-16-2018,37.6,48,34,16.7,0
03-17-2013,34.1,41,30,10.4,0.08
03-17-2014,28.3,33.1,23,9.3,0
03-17-2015,47.9,54,36,10.6,0
03-17-2016,52.2,64.9,45,7.6,0.02
03-17-2017,38.8,48.9,27,11.5,0
03-17-2018,36.4,48,28.9,14.8,0
03-18-2013,33,37.9,28.9,9.9,0
03-18-2014,32.1,41,23,9.4,0
03-18-2015,33.7,37.9,28.9,19.6,0.01
03-18-2016,53,64,45,13.3,0.04
03-18-2017,38.1,48.9,32,8.9,0
03-18-2018,37.4,48,28.9,11.6,0
03-19-2013,36.5,44.1,28.9,11.8,0.72
03-19-2014,35.8,45,27,9.4,0
03-19-2015,33.5,42.1,28,10.7,0
03-19-2016,43.5,57,37,7.0,0
03-19-2017,40.4,48,34,13.0,0.07
03-19-2018,39.8,46.9,30,7.0,0
03-20-2013,39.5,45,34,12.5,0.16
03-20-2014,45.3,53.1,30.9,11.4,0.99
03-20-2015,34.4,42.1,28.9,8.4,0
03-20-2016,38.9,46.9,33.1,12.7,0
03-20-2017,44,54,36,10.0,0
03-20-2018,35.9,46.9,30.9,9.8,0
03-21-2013,36.4,45,32,8.0,0
03-21-2014,43.7,53.1,39,14.1,0
03-21-2015,34.9,46.9,28.9,7.1,0.29
03-21-2016,39.6,50,33.1,10.4,0.14
03-21-2017,50.6,62.1,37,6.4,0
03-21-2018,35.7,39.9,30.9,15.1,0
03-22-2013,34.9,41,30,13.0,0
03-22-2014,48.4,63,37,9.7,0
03-22-2015,39.9,48,28.9,13.8,0.01
03-22-2016,43.8,55,37,13.6,0.07
03-22-2017,42.9,62.1,30.9,16.7,0
03-22-2018,39.6,51.1,32,13.8,0.64
03-23-2013,39.3,45,30.2,13.3,0
03-23-2014,41.5,63,35.1,11.0,0
03-23-2015,30.5,44.1,24.1,12.3,0
03-23-2016,57.4,71.1,50,9.1,0
03-23-2017,32,51.1,26.1,10.9,0
03-23-2018,42.7,51.1,33.1,11.0,0.01
03-24-2013,39.6,46,34,10.1,0
03-24-2014,28.1,42.1,21.9,12.8,0
03-24-2015,33.6,44.1,24.1,7.4,0
03-24-2016,50.1,71.1,44.1,11.2,0
03-24-2017,44.1,57.9,26.1,9.0,0
03-24-2018,43.3,51.1,37,10.2,0
03-25-2013,39.2,46,34,10.2,0
03-25-2014,31.6,37.9,21.9,7.5,0
03-25-2015,39.1,48,26.1,5.7,0
03-25-2016,55.9,73,44.1,7.9,0
03-25-2017,54.2,57.9,37.9,6.9,0
03-25-2018,40.4,51.1,35.1,11.0,0
03-26-2013,42.4,50,37,6.7,0.16
03-26-2014,33.4,37.9,26.1,16.8,0
03-26-2015,45.2,57,32,4.4,0.05
03-26-2016,47,73,39,10.5,0.07
03-26-2017,42.2,57,39,12.2,0.1
03-26-2018,40.4,50,34,9.1,0
03-27-2013,44.3,52,37.9,10.4,0
03-27-2014,30.1,42.1,23,12.7,0
03-27-2015,44.9,57,37.9,7.7,0.52
03-27-2016,45.8,54,39,6.8,0
03-27-2017,42.3,50,39,8.4,0.02
03-27-2018,39.4,50,34,5.8,0
03-28-2013,43.8,52,37.9,12.4,0
03-28-2014,44.9,60.1,23,8.1,0
03-28-2015,37.6,46,33.1,10.7,0.28
03-28-2016,47.3,62.1,42.8,11.2,0.19
03-28-2017,43.5,50,39,8.8,0.42
03-28-2018,43.7,52,35.1,5.5,0.04
03-29-2013,47,55,39,10.1,0
03-29-2014,48.3,60.1,37.9,6.7,0.03
03-29-2015,33.5,46,27,10.3,0
03-29-2016,49.7,63,43,21.8,0.32
03-29-2017,49.1,59,42.1,9.9,0.43
03-29-2018,49.6,53.1,39,5.2,0.03
03-30-2013,48.1,57.9,41,8.2,0
03-30-2014,44.1,55,41,12.4,1.97
03-30-2015,42.2,55,27,10.8,0
03-30-2016,45.4,53.1,39,10.7,0
03-30-2017,45.9,59,41,8.7,0
03-30-2018,50.1,60.1,43,6.3,0.02
03-31-2013,47.6,57.9,39.9,7.4,0
03-31-2014,42.1,53.1,35.6,15.2,0.29
03-31-2015,42.8,55,34,9.6,0
03-31-2016,57.2,70,39,11.1,0
03-31-2017,42.9,46,39.2,10.5,0.33
03-31-2018,47.1,60.1,39.9,10.7,0.04
04-01-2013,49.9,62.1,43,10.1,0.14
04-01-2014,45.9,59,36,8.5,0.02
04-01-2015,39.8,51.1,34,8.5,0.14
04-01-2016,62.6,79,48.9,9.1,0
04-01-2017,42.2,48,39,17.2,1.78
04-01-2018,50.4,59,39.9,11.0,0
04-02-2013,39.3,46.9,34,14.9,0.01
04-02-2014,45.6,59,39,5.7,0
04-02-2015,49.9,63,34,8.4,0
04-02-2016,56.3,79,48.9,6.9,0.01
04-02-2017,50.6,63,39,9.7,0.01
04-02-2018,39.8,59,32,8.1,0.4
04-03-2013,39.8,46.9,34,14.7,0
04-03-2014,50.7,64,41,3.9,0
04-03-2015,59.2,63,39,9.5,0
04-03-2016,42.3,61,35.1,19.7,0.24
04-03-2017,56.4,63,43,7.0,0
04-03-2018,40.8,44.1,32,7.0,0.15
04-04-2013,40.6,50,34,10.3,0
04-04-2014,44.7,51.1,39.2,9.8,0.09
04-04-2015,52,63,46.9,14.3,0.04
04-04-2016,39.7,50,35.1,9.4,0.11
04-04-2017,50.1,63,45,11.3,1.6
04-04-2018,45.9,57,39,9.3,0.28
04-05-2013,48.4,61,35.1,8.2,0
04-05-2014,45.3,54,39,12.8,0.17
04-05-2015,50.1,62.1,43,11.2,0
04-05-2016,33.3,45,27,13.3,0.5
04-05-2017,51.7,63,45,5.4,0.03
04-05-2018,41.6,57,35.1,18.2,0.11
04-06-2013,43.9,61,37,12.0,0
04-06-2014,44.9,59,37,9.7,0
04-06-2015,46.7,62.1,39,7.8,0
04-06-2016,39,48,27,9.9,0
04-06-2017,46,53.1,42.8,12.1,0.02
04-06-2018,44.8,62.1,35.1,10.7,0
04-07-2013,46.2,54,37,12.4,0
04-07-2014,46.1,59,37,6.9,0
04-07-2015,50.6,60.1,39,7.7,0.01
04-07-2016,52,60.1,32,12.8,0
04-07-2017,50.1,54,43,13.2,0.83
04-07-2018,45.7,62.1,37,10.5,0.09
04-08-2013,55.9,72,39.9,5.5,0
04-08-2014,51,64.9,41,10.7,0.99
04-08-2015,43,57,39.9,12.3,0.16
04-08-2016,48.9,60.1,44.1,13.7,0.15
04-08-2017,47.4,57.9,42.1,16.0,0
04-08-2018,38.9,48.9,33.1,12.2,0
04-09-2013,63.2,81,46.9,7.6,0.01
04-09-2014,51.4,64.9,43,13.2,0.01
04-09-2015,39.3,46,37,12.4,0
04-09-2016,41.1,46.9,37.4,8.1,0
04-09-2017,54.4,68,42.1,8.8,0
04-09-2018,38.7,48.9,33.1,10.6,0
04-10-2013,62.8,81,46.9,6.8,0.14
04-10-2014,49.8,59,42.1,10.4,0
04-10-2015,43,57.2,39.2,6.9,0.25
04-10-2016,40.5,50,33.1,11.5,0.07
04-10-2017,61.3,73,46,7.6,0
04-10-2018,43.2,50,33.1,7.9,0
04-11-2013,56.4,71.1,48.9,7.3,0.41
04-11-2014,59.2,73.9,42.1,8.8,0
04-11-2015,55.3,57.2,51.1,14.7,0.24
04-11-2016,50.2,61,33.1,11.7,0
04-11-2017,67.4,78.1,52,7.9,0
04-11-2018,44.4,52,37.9,6.9,0
04-12-2013,45.1,60.1,42.1,14.9,0.01
04-12-2014,58.8,73.9,48.9,6.6,0
04-12-2015,51.3,64.9,44.1,7.6,0
04-12-2016,53.2,61,44.1,10.9,0.04
04-12-2017,63.9,78.1,54,4.3,0
04-12-2018,50.6,60.1,37.9,8.1,0
04-13-2013,46.6,57,41,7.4,0.57
04-13-2014,59.8,73.9,48.9,8.2,0
04-13-2015,55.6,64.9,44.1,8.0,0
04-13-2016,48.4,57.9,42.1,8.8,0.19
04-13-2017,58.5,77,50,9.8,0.03
04-13-2018,65.4,82,46,11.1,0
04-14-2013,51.8,57,42.1,8.5,0.01
04-14-2014,61.7,73.9,50,10.5,0
04-14-2015,59.3,64.9,46.9,7.0,0
04-14-2016,49.9,61,42.1,6.5,0
04-14-2017,57.2,66,50,7.1,0
04-14-2018,61.6,82,51.1,9.4,0
04-15-2013,49.3,55.9,44.1,7.1,0
04-15-2014,56.9,61,44.6,13.7,0.1
04-15-2015,59.1,70,51.1,7.4,0
04-15-2016,50.8,63,43,5.2,0
04-15-2017,57.2,66,50,8.4,0
04-15-2018,44.4,69.1,39,18.4,0
04-16-2013,53.1,62.1,44.1,10.1,0
04-16-2014,38.9,46.9,32,14.1,0.82
04-16-2015,56.5,70,46.9,7.4,0
04-16-2016,52.6,64.9,44.1,6.7,0
04-16-2017,70.8,88,52,9.5,0
04-16-2018,46.6,61,39,18.1,1.24
04-17-2013,61,69.1,46.9,7.2,0.02
04-17-2014,41.1,46.9,32,11.4,0.05
04-17-2015,59.7,71.1,46.9,9.0,0.08
04-17-2016,55.8,73.9,45,4.5,0
04-17-2017,70.9,88,60.1,12.2,0
04-17-2018,46.2,61,39.9,13.8,1.62
04-18-2013,56.4,69.1,48.9,8.2,0.01
04-18-2014,39.9,46.9,35.1,7.1,0
04-18-2015,66,79,54,5.7,0
04-18-2016,62.5,80.1,48,4.4,0
04-18-2017,59.2,73,51.1,10.2,0
04-18-2018,44.7,55,39,11.6,0
04-19-2013,59.2,70,48.9,10.4,0
04-19-2014,50.6,64.9,35.1,6.8,0
04-19-2015,57.6,79,50,8.8,0
04-19-2016,65.5,80.1,48.9,8.6,0
04-19-2017,50,64.9,46,11.0,0
04-19-2018,46.2,55,39,9.9,0.07
04-20-2013,56.4,70,51.1,13.0,0.08
04-20-2014,51.6,64.9,42.1,9.2,0
04-20-2015,50.6,61,45,13.2,0
04-20-2016,58.8,69.1,51.1,10.7,0
04-20-2017,54.4,66,46,6.7,0.19
04-20-2018,43.2,50,37.9,16.3,0.08
04-21-2013,46.5,60.1,39,10.3,0.06
04-21-2014,49.9,63,41,5.4,0
04-21-2015,57.4,66.9,45,9.0,0.95
04-21-2016,58.8,70,50,8.2,0
04-21-2017,52.3,66,48.9,11.2,0.3
04-21-2018,48.8,62.1,37.9,10.4,0
04-22-2013,47.5,55,39,10.3,0
04-22-2014,56.4,66,41,7.7,0
04-22-2015,58.8,66.9,50,8.9,0.07
04-22-2016,70,78.1,50,7.1,0
04-22-2017,51.8,55.9,48,6.9,0.02
04-22-2018,55.2,64.9,41,8.1,0
04-23-2013,45.9,55,42.1,12.8,0
04-23-2014,55.6,66,48,16.0,0
04-23-2015,47.4,66.9,42.1,13.5,0.1
04-23-2016,66.5,78.1,61,8.7,0.14
04-23-2017,54.7,64.9,48,7.0,0.07
04-23-2018,53.5,64.9,45,7.8,0
04-24-2013,52.8,64.9,42.1,9.1,0
04-24-2014,49.4,62.1,43,17.9,0
04-24-2015,43.4,50,39,16.1,0
04-24-2016,56.5,69.1,48,9.7,0
04-24-2017,53.5,64.9,48,6.0,0
04-24-2018,54.8,66,45,7.9,0
04-25-2013,55.6,66.9,45,11.3,0
04-25-2014,52.3,60.1,43,8.9,0
04-25-2015,46.1,60.1,39,11.8,0
04-25-2016,56.6,68,48,6.5,0
04-25-2017,52.8,59,48,16.3,0.07
04-25-2018,56.1,66,46,10.4,0.42
04-26-2013,57.6,66.9,46.9,6.3,0
04-26-2014,52,64,44.6,8.2,0.7
04-26-2015,52,61,39,5.2,0
04-26-2016,54.4,68,50,9.4,0.19
04-26-2017,55.2,62.1,50,11.9,0.73
04-26-2018,59.6,70,50,9.9,0.29
04-27-2013,57.6,68,48,5.6,0
04-27-2014,51.3,64,45,10.8,0.06
04-27-2015,53.8,61,45,9.9,0
04-27-2016,51.1,57.9,46.4,7.9,0.11
04-27-2017,62,69.1,53.1,5.1,0.13
04-27-2018,54.5,70,48.9,8.1,0.17
04-28-2013,58.5,69.1,48,7.3,0
04-28-2014,53.7,64,46,7.3,0
04-28-2015,57.2,72,48.9,11.5,0
04-28-2016,53.3,60.1,46.9,8.3,0
04-28-2017,66.6,84.9,55,5.9,0.01
04-28-2018,56.7,66,48.9,6.2,0.05
04-29-2013,55.7,69.1,51.1,8.5,0
04-29-2014,49.9,64,44.1,13.4,0
04-29-2015,64.2,75.9,51.1,8.8,0
04-29-2016,52,59,48,7.8,0
04-29-2017,76.9,88,55,8.8,0.06
04-29-2018,54.2,66,50,10.6,0.22
04-30-2013,56.6,66,51.1,8.2,0.03
04-30-2014,44.5,51.1,42.1,14.1,0.55
04-30-2015,52.4,75.9,46.9,13.1,0
04-30-2016,52.8,63,46.9,6.2,0.02
04-30-2017,64.7,88,55.9,10.1,0
04-30-2018,49,57.9,44.1,15.8,0.15
05-01-2013,56.7,66,48,7.2,0
05-01-2014,59.3,77,42.1,7.9,4.88
05-01-2015,52.6,64,46.9,7.6,0
05-01-2016,50.1,63,46.9,7.3,0
05-01-2017,55.9,73,50,9.3,0
05-01-2018,60.3,82,44.1,7.8,0
05-02-2013,58.1,68,48,4.7,0
05-02-2014,62.8,77,48.9,7.6,0.01
05-02-2015,53.9,69.1,48,4.7,0
05-02-2016,50.6,61,44.6,6.1,0.15
05-02-2017,70.5,78.1,50,12.9,0
05-02-2018,76.9,89.1,66,10.3,0
05-03-2013,57,68,50,9.5,0
05-03-2014,61.7,69.1,54,7.2,0
05-03-2015,59.5,75.9,48,6.4,0
05-03-2016,54.5,62.1,45,7.3,0.73
05-03-2017,64.3,78.1,61,14.1,0
05-03-2018,82.3,93,64.9,10.8,0
05-04-2013,55.2,66.9,50,7.3,0
05-04-2014,58.7,69.1,54,12.2,0.03
05-04-2015,66.5,82,51.1,7.1,0
05-04-2016,51.3,55,48.9,9.0,0.07
05-04-2017,57.7,66.9,51.1,8.9,0
05-04-2018,75.8,93,68,5.5,0.01
05-05-2013,52.1,60.1,46.4,9.3,0
05-05-2014,57.5,66.9,50,15.6,0
05-05-2015,72.7,82,54,7.5,0
05-05-2016,51.8,57.9,46.9,11.6,0.02
05-05-2017,56,66,51.1,11.4,0.01
05-05-2018,70.3,84,61,11.2,0
05-06-2013,54.4,68,46.9,7.0,0
05-06-2014,59.2,68,50,8.6,0
05-06-2015,65.3,81,59,6.4,0
05-06-2016,52.2,57.9,46.9,13.0,0.38
05-06-2017,62.4,66.9,53.1,13.8,2.31
05-06-2018,62.6,75.9,57,7.6,0
05-07-2013,59.3,71.1,46.9,6.7,0
05-07-2014,59,68,51.1,7.0,0
05-07-2015,64.6,75.9,52,5.2,0
05-07-2016,52.3,57.2,48.2,8.7,0.18
05-07-2017,56.1,66.9,53.1,12.2,0.01
05-07-2018,62.1,75,54,5.6,0
05-08-2013,60.1,71.1,53.1,9.2,0.98
05-08-2014,55.6,68,51.1,6.7,0.32
05-08-2015,64.2,79,52,6.3,0
05-08-2016,55.4,64.9,48.9,9.8,0.07
05-08-2017,53.4,62.1,48,12.5,0
05-08-2018,61.8,75,54,5.9,0
05-09-2013,58.2,68,55,6.0,1.36
05-09-2014,54.9,63,52,5.5,0.09
05-09-2015,58,79,53.1,8.4,0
05-09-2016,62.9,73.9,48.9,9.9,0.08
05-09-2017,55.6,64,48,9.2,0
05-09-2018,63.5,73.9,54,4.8,0
05-10-2013,67.7,80.1,55,5.3,0.32
05-10-2014,65.4,82,52,7.1,0.02
05-10-2015,66.3,82,53.1,6.0,0.01
05-10-2016,59.1,73.9,51.1,7.6,0
05-10-2017,56.8,64.9,48.9,6.2,0
05-10-2018,59.4,73.9,54,6.5,0
05-11-2013,64.6,80.1,61,7.9,0.15
05-11-2014,69.3,82,55,9.8,0.93
05-11-2015,74.4,82.9,57,9.4,0
05-11-2016,63,73.9,51.1,5.4,0
05-11-2017,57.1,64.9,52,6.4,0
05-11-2018,65.1,73,55.9,8.3,0.19
05-12-2013,64.3,70,59,11.0,0.5
05-12-2014,73.2,82,62.1,4.4,0.02
05-12-2015,74.9,87.1,64,9.1,0
05-12-2016,66.2,78.1,53.1,5.7,0
05-12-2017,56.5,64,52,6.9,0
05-12-2018,59.2,73,54,7.3,0.06
05-13-2013,53.4,70,48,12.9,0.01
05-13-2014,65.8,82,59,7.7,0
05-13-2015,65.1,87.1,57.9,15.3,0
05-13-2016,61.6,78.1,55.9,5.7,0
05-13-2017,53.2,55.9,48,11.1,0.13
05-13-2018,53.6,64,52,7.3,0.14
05-14-2013,52.1,62.1,45,10.8,0
05-14-2014,56.5,71.1,51.1,7.1,0
05-14-2015,59.7,72,52,8.5,0
05-14-2016,66.2,73,57.9,6.8,0.25
05-14-2017,55.4,70,46.9,13.4,1.61
05-14-2018,58.4,71.1,52,5.0,0.1
05-15-2013,58.9,68,45,8.7,0
05-15-2014,60.7,75,51.1,8.5,0.14
05-15-2015,63.2,73.9,52,7.6,0
05-15-2016,56,73,48,15.4,0
05-15-2017,61.7,70,46.9,17.8,0.01
05-15-2018,69.1,91.9,52,9.4,0.02
05-16-2013,69.8,80.1,54,6.7,0.02
05-16-2014,67.2,75,54,15.9,0.03
05-16-2015,65.2,75,55.9,6.5,0.01
05-16-2016,52.8,68,44.1,16.9,0
05-16-2017,68.8,82.9,54,10.3,0
05-16-2018,62.9,70,55.9,6.7,0.44
05-17-2013,66.9,80.1,61,7.2,0
05-17-2014,62.2,71.1,54,9.8,1.58
05-17-2015,70.4,82.9,57,3.2,0.28
05-17-2016,62.3,68,44.1,9.2,0
05-17-2017,79.2,93.9,59,6.8,0
05-17-2018,60.2,73.4,55,6.0,0.64
05-18-2013,62.2,73.9,55.9,5.3,0
05-18-2014,60.4,70,53.1,7.6,0
05-18-2015,63.6,75.9,55.4,7.5,0.02
05-18-2016,59.3,69.1,55,7.2,0
05-18-2017,88.1,97,66,10.1,0
05-18-2018,64.9,73,55,8.9,0.02
05-19-2013,58.3,61,55.4,8.4,0
05-19-2014,60.4,70,53.1,10.5,0
05-19-2015,61.6,82,55,6.2,0.01
05-19-2016,60.9,71.1,55,5.3,0
05-19-2017,87.9,97,80.1,11.0,0
05-19-2018,54.4,66.9,50,10.7,0.2
05-20-2013,64.9,79,55.9,5.1,0.39
05-20-2014,65.5,77,53.1,8.9,0
05-20-2015,62,82,55,13.2,0
05-20-2016,64.4,78.1,55.9,5.7,0
05-20-2017,67.3,96.1,61,10.9,0.01
05-20-2018,66.7,84,50,7.1,0.44
05-21-2013,75.4,86,57,7.3,0
05-21-2014,69.7,77,57,6.7,0
05-21-2015,57.1,66,53.1,7.0,0
05-21-2016,62.4,78.1,57,6.3,0
05-21-2017,62.4,71.1,57,7.9,0
05-21-2018,68.9,84,55,7.6,0
05-22-2013,69.6,82.9,57.2,7.4,0
05-22-2014,62.9,75,57.9,6.2,0.27
05-22-2015,61.8,75,53.1,9.9,0
05-22-2016,60.7,71.1,54,6.5,0.18
05-22-2017,59.8,71.1,57,7.5,0.11
05-22-2018,64.6,79,55.9,5.0,0
05-23-2013,70.4,81,57.9,8.0,0
05-23-2014,60.3,68,57,6.0,0.01
05-23-2015,59.3,75,50,11.5,0
05-23-2016,65,77,54,6.0,0.11
05-23-2017,63.4,70,57,4.9,0.53
05-23-2018,66.2,82,55.9,5.1,0.42
05-24-2013,60.8,81,48.9,9.2,0.58
05-24-2014,60.2,68,57,6.2,1.09
05-24-2015,65.7,81,50,8.7,0
05-24-2016,65.6,77,55.9,5.3,0.26
05-24-2017,62.8,70,57,7.4,0.03
05-24-2018,74.5,86,57,7.6,0.21
05-25-2013,49.7,66.9,46,16.9,0.22
05-25-2014,65.5,81,55.9,5.4,0.02
05-25-2015,72.5,82.9,55.9,8.8,0
05-25-2016,74.4,90,60.1,3.9,0.02
05-25-2017,58.4,69.1,55.9,11.7,0.1
05-25-2018,77.9,89.1,66,9.6,0
05-26-2013,56.2,66.9,46,17.5,0.02
05-26-2014,75.2,87.1,55.9,7.2,0
05-26-2015,75.2,86,64.9,10.3,0
05-26-2016,82.2,91.9,60.1,7.2,0
05-26-2017,63.5,75.9,55.9,11.1,0.89
05-26-2018,82.3,91.9,68,9.3,0
05-27-2013,64.2,77,48.9,6.9,0
05-27-2014,79.5,87.1,66,7.6,0
05-27-2015,73.5,86,66.9,9.9,0
05-27-2016,76.6,91.9,55,7.2,0
05-27-2017,67.4,75.9,57,8.0,0.12
05-27-2018,68.8,91.9,59,11.2,0.12
05-28-2013,63.9,77,55.9,6.0,0
05-28-2014,61.3,86,54,11.7,0
05-28-2015,73.4,84,66.9,7.0,0.02
05-28-2016,79.9,91.9,66.9,8.4,0
05-28-2017,64.5,72,57.9,6.8,0
05-28-2018,60.2,82,55.9,8.3,0.41
05-29-2013,65.8,82.9,57,5.1,0.41
05-29-2014,55.6,63,51.1,9.8,0
05-29-2015,73,84,64,7.2,0
05-29-2016,80,91.9,73,9.1,0
05-29-2017,59.1,71.1,55.9,9.5,0.13
05-29-2018,72.8,87.1,55.9,6.0,0
05-30-2013,82.5,93,73.9,7.4,0
05-30-2014,63.2,75.9,51.1,4.1,0
05-30-2015,73.1,82.9,64,9.8,0
05-30-2016,73.5,87.1,69.1,6.6,1.53
05-30-2017,58.3,64,55,7.6,0.03
05-30-2018,69,87.1,63,7.8,0
05-31-2013,84.8,93,73.9,6.1,0
05-31-2014,64,75.9,55.9,10.6,0.03
05-31-2015,74.6,86,66,9.6,0
05-31-2016,76.7,86,69.1,7.5,0
05-31-2017,63.1,78.1,55,6.6,0.08
05-31-2018,64,77,60.1,7.1,0
06-01-2013,82.6,93,75,9.1,0
06-01-2014,65.1,77,57,6.0,0.01
06-01-2015,57.4,86,54,13.8,1.69
06-01-2016,76,84,68,6.7,0
06-01-2017,69.4,82,57.9,6.9,0.05
06-01-2018,69,82,62.1,5.8,0.08
06-02-2013,79.6,89.1,70,10.1,0
06-02-2014,69.7,79,57,9.3,0
06-02-2015,52,57.9,50,10.2,0.47
06-02-2016,68.9,82.9,62.1,9.2,0
06-02-2017,70.6,82,60.1,8.8,0
06-02-2018,77.5,87.1,63,6.5,0.02
06-03-2013,74.2,84,69.8,7.6,0.14
06-03-2014,75.7,84.9,61,7.4,0
06-03-2015,58.2,69.1,50,7.3,0.24
06-03-2016,66.3,73.9,62.1,6.3,0
06-03-2017,66.1,79,59,9.2,0
06-03-2018,65.6,87.1,60.1,10.9,0.02
06-04-2013,67.6,78.1,59,9.4,0.93
06-04-2014,69.5,84.9,62.1,6.8,0.06
06-04-2015,58.1,69.1,53.1,9.4,0
06-04-2016,72.8,82.9,63,5.5,0.02
06-04-2017,66,73.9,59,6.3,0
06-04-2018,59,70,51.8,10.2,0.64
06-05-2013,67.1,75.9,59,7.2,0
06-05-2014,67,81,62.1,7.9,0.4
06-05-2015,59.5,68,54,6.5,0
06-05-2016,69.3,82.9,66,7.5,0.27
06-05-2017,61.8,71.1,59,7.9,0.06
06-05-2018,67.6,77,52,7.5,0.35
06-06-2013,65.4,73.9,59,7.3,0
06-06-2014,67.8,75.9,61,11.3,0.3
06-06-2015,65.7,73.9,55.9,7.3,0.55
06-06-2016,75.1,87.1,66.9,9.1,0.67
06-06-2017,58,66.9,55,11.5,0.02
06-06-2018,65.2,77,59,6.9,0
06-07-2013,62.3,73,59,10.6,0.66
06-07-2014,71.5,82,61,6.4,0
06-07-2015,65.3,73.9,57,7.6,0
06-07-2016,79.3,87.1,68,9.1,0
06-07-2017,58.6,70,52,8.0,0.03
06-07-2018,64.1,71.1,60.1,8.6,0
06-08-2013,66.1,77,57.2,11.5,3.56
06-08-2014,76.4,84.9,63,5.5,0
06-08-2015,67.5,77,57,11.6,0
06-08-2016,64.9,87.1,55,13.0,0.01
06-08-2017,63.9,71.1,52,5.4,0
06-08-2018,69.8,82.9,61,6.7,0
06-09-2013,72.9,82,57.9,4.5,0.79
06-09-2014,68,84.9,62.1,7.0,0.45
06-09-2015,73.3,84.9,62.1,10.1,0.05
06-09-2016,63.6,73.9,55,17.1,0.44
06-09-2017,66.7,82.9,55.9,7.2,0
06-09-2018,75.6,82.9,62.1,7.2,0
06-10-2013,67.7,82,64,7.3,0
06-10-2014,66.9,75.2,63,6.5,0.79
06-10-2015,74.2,84.9,66,8.2,0.01
06-10-2016,67.9,78.1,55.9,12.0,0
06-10-2017,78.1,88,55.9,7.6,0
06-10-2018,70.3,81,66,4.8,0
06-11-2013,70.8,82,62.1,10.3,1.37
06-11-2014,65.6,75,61,9.5,0.04
06-11-2015,80.2,91.9,66,8.8,0
06-11-2016,74.6,90,59,7.0,0
06-11-2017,83.7,93.9,66.9,9.0,0
06-11-2018,65.2,73,60.1,7.0,0.01
06-12-2013,71.6,82,63,14.2,0.02
06-12-2014,63.6,75.9,59,9.0,0.01
06-12-2015,80.7,91.9,71.1,7.7,0
06-12-2016,80.2,90,64,14.0,0.1
06-12-2017,86.7,96.1,75,8.5,0
06-12-2018,66.3,75,60.1,7.8,0
06-13-2013,68.4,75.9,63,8.3,0
06-13-2014,65.7,75.9,59,8.4,0.14
06-13-2015,80.5,88,71.1,10.1,0
06-13-2016,66,86,59,16.9,0
06-13-2017,89.7,100.9,75.9,8.5,0
06-13-2018,69.3,81,60.1,8.2,0
06-14-2013,61.6,75,55,12.4,1.13
06-14-2014,69.6,75.9,62.1,10.1,1.43
06-14-2015,77,87.1,68,6.3,0
06-14-2016,69,81,59,11.2,0
06-14-2017,78.8,93.9,71.6,7.8,0.48
06-14-2018,77.5,86,64.9,12.5,0.03
06-15-2013,71.2,82,55,8.0,0.25
06-15-2014,67.6,79,61,10.0,0
06-15-2015,70.3,79,62.6,9.0,0.79
06-15-2016,75.3,87.1,60.1,6.2,0
06-15-2017,70.7,82.9,64,8.1,0.02
06-15-2018,71.7,86,64.9,9.9,0
06-16-2013,75.4,86,64,6.5,0
06-16-2014,72,81,61,5.3,0
06-16-2015,68.1,79,62.6,7.1,0.02
06-16-2016,73.3,87.1,66,4.4,0.12
06-16-2017,65.6,75.9,63,9.1,0
06-16-2018,75.1,86,64.9,4.9,0
06-17-2013,77.8,87.1,68,8.4,0
06-17-2014,76.7,88,64,6.7,0
06-17-2015,73.9,79,64,8.3,0.34
06-17-2016,71.2,77,66,6.4,0
06-17-2017,67,73.9,63,7.0,0
06-17-2018,79.3,91,66.9,5.3,0
06-18-2013,73.1,87.1,66,6.3,0
06-18-2014,83.2,88,70,11.2,0
06-18-2015,66.8,69.8,64.4,7.5,0
06-18-2016,73,86,63,5.3,0
06-18-2017,75.3,84,64,8.8,1.26
06-18-2018,82.1,91.9,66.9,9.7,0
06-19-2013,68.6,82,61,8.5,0.2
06-19-2014,74.8,88,68,5.4,0
06-19-2015,73.2,84.9,64.9,6.0,0
06-19-2016,75.1,86,63,7.5,0
06-19-2017,78.5,87.1,70,11.1,0
06-19-2018,83.5,91.9,73.9,10.4,0.1
06-20-2013,71.4,80.1,61,8.2,0
06-20-2014,73.3,80.1,66,8.0,0
06-20-2015,69.5,84.9,64,8.3,0
06-20-2016,73.4,84,66,6.9,0
06-20-2017,76.9,87.1,70,11.0,1.23
06-20-2018,76.4,89.1,69.1,6.2,0.05
06-21-2013,73,82,64.9,8.4,0
06-21-2014,70,75.9,62.1,8.4,0
06-21-2015,75,90,64,9.4,0.25
06-21-2016,80.8,89.1,66,10.0,0
06-21-2017,80.3,87.1,70,8.7,0.01
06-21-2018,74.7,86,66.2,6.2,1.09
06-22-2013,73.7,84,66,8.7,0
06-22-2014,70.1,77,64,6.4,0
06-22-2015,79.6,90,69.1,10.1,0.29
06-22-2016,77.9,89.1,66.9,8.8,0
06-22-2017,77.1,87.1,68,7.6,0
06-22-2018,72.4,86,66,9.1,1.08
06-23-2013,77.1,87.1,66.9,9.6,0
06-23-2014,73.2,82,64,6.2,0
06-23-2015,84.4,91.9,72,10.3,0
06-23-2016,74.3,86,66.9,6.8,0
06-23-2017,81.2,87.1,68,9.3,0
06-23-2018,65.3,75,62.1,10.6,0.1
06-24-2013,82.3,96.1,71.1,7.7,0
06-24-2014,73.5,82,66.9,10.8,0
06-24-2015,77.1,91.9,69.1,10.1,0.07
06-24-2016,74.7,84.9,68,8.7,0
06-24-2017,79.5,87.1,70,10.0,0.96
06-24-2018,71.9,88,62.1,6.6,0
06-25-2013,83.1,96.1,75,7.0,0
06-25-2014,75.4,84,69.1,10.3,0
06-25-2015,76.8,84.9,69.1,6.0,0
06-25-2016,73.3,84.9,64.9,8.0,0
06-25-2017,78.2,86,70,7.1,0.18
06-25-2018,75.9,88,64.9,9.9,0.01
06-26-2013,82.9,95,75,8.8,0.01
06-26-2014,77.5,86,71.1,6.3,0.07
06-26-2015,74.8,84.9,69.1,7.7,0
06-26-2016,75.8,86,64.9,7.5,0
06-26-2017,74,84,66.9,9.0,0
06-26-2018,71.6,82,64,8.8,0
06-27-2013,78.3,89.1,73,5.9,0.01
06-27-2014,74.5,86,68,7.5,0
06-27-2015,69,80.1,62.1,8.5,0
06-27-2016,75.7,86,69.1,9.9,0
06-27-2017,71.2,81,62.1,7.7,0.16
06-27-2018,71.4,77,64,10.5,0
06-28-2013,78.8,89.1,73,10.4,0.13
06-28-2014,75.6,87.1,68,5.4,0
06-28-2015,64.2,73.9,60.1,12.4,1.32
06-28-2016,72.6,84,69.1,9.3,0.54
06-28-2017,71.5,81,62.1,10.1,0
06-28-2018,75.4,87.1,68,10.5,0.52
06-29-2013,77.8,89.1,72,9.5,0
06-29-2014,74.9,87.1,69.1,7.5,0
06-29-2015,71.3,78.1,62.1,10.1,0.26
06-29-2016,75.7,87.1,70,5.5,0.07
06-29-2017,76.2,82.9,64,10.9,0
06-29-2018,80.6,91.9,71.1,6.8,1.03
06-30-2013,77.7,87.1,72,7.2,0
06-30-2014,75.8,84,69.1,9.0,0
06-30-2015,75.3,82,64,9.5,0
06-30-2016,77.6,87.1,70,6.9,0
06-30-2017,80.2,89.1,69.1,11.7,0
06-30-2018,84.7,96.1,72,5.8,0
07-01-2013,74.8,78.1,73.4,7.8,0
07-01-2014,79,88,69.1,10.2,0
07-01-2015,76.4,84.9,70,9.7,0.35
07-01-2016,76.9,87.1,70,8.4,0
07-01-2017,79,89.1,73.9,9.4,0
07-01-2018,87.9,97,73,5.7,0
07-02-2013,76.1,82.9,73,8.0,0.73
07-02-2014,81.7,91,73,10.1,0
07-02-2015,75.7,84.9,70,6.4,0
07-02-2016,72.9,81,68,11.5,0.28
07-02-2017,79.8,91,73,7.4,0.07
07-02-2018,86.9,97,77,7.1,0
07-03-2013,78.5,84.9,73.9,8.8,0.06
07-03-2014,78.9,91,72,6.3,0.65
07-03-2015,73.5,81,66.9,4.8,0
07-03-2016,75.4,82,68,7.3,0
07-03-2017,83.3,91,73,7.2,0
07-03-2018,83.2,95,77,6.2,0
07-04-2013,82,91,73.9,8.6,0.96
07-04-2014,71.1,89.1,64.9,8.5,0.71
07-04-2015,71.8,81,66.9,6.9,0
07-04-2016,76.7,86,69.1,7.8,0
07-04-2017,77.8,90,70,4.2,0.12
07-04-2018,82.3,91,78.1,6.4,0.01
07-05-2013,84.4,93,75.9,9.0,0
07-05-2014,71.8,82.9,64.9,13.7,0.16
07-05-2015,75.1,84.9,69.1,4.6,0
07-05-2016,76,89.1,69.1,6.3,1.08
07-05-2017,76.7,87.1,70,7.6,0
07-05-2018,82.9,90,78.1,8.5,0
07-06-2013,87,95,77,9.3,0
07-06-2014,78.2,87.1,64.9,9.5,0
07-06-2015,77.1,84.9,70,6.2,0
07-06-2016,85.8,96.1,69.1,5.3,0.57
07-06-2017,74.5,84.9,69.1,7.1,0
07-06-2018,80.8,90,77,11.3,0.05
07-07-2013,88.8,98.1,79,8.8,0
07-07-2014,81.3,91.9,69.1,11.4,0
07-07-2015,79.5,88,71.1,9.2,0
07-07-2016,85.1,96.1,77,7.3,0
07-07-2017,72.4,82,68,8.4,0.01
07-07-2018,71.6,82.9,64,11.1,0.04
07-08-2013,83.7,98.1,75,8.9,0
07-08-2014,83.8,93,72,10.7,0.18
07-08-2015,82,89.1,75,7.7,0
07-08-2016,78.8,93,73.9,6.5,0.02
07-08-2017,78.5,87.1,68,7.5,2.13
07-08-2018,73.2,84,64,5.1,0
07-09-2013,82.6,91,75,6.0,0
07-09-2014,79.5,93,72,10.2,0
07-09-2015,73.8,89.1,68,6.4,0.09
07-09-2016,70.3,86,66,9.0,0.01
07-09-2017,76.3,87.1,70,8.5,0
07-09-2018,77.7,90,66.9,6.5,0
07-10-2013,82,91,75,8.7,0.08
07-10-2014,76.3,88,70,5.5,0
07-10-2015,75.8,84,68,9.4,0.29
07-10-2016,73,81,66.9,7.0,0.41
07-10-2017,78.7,88,70,8.0,0
07-10-2018,83.1,97,69.1,7.3,0
07-11-2013,82.3,91,75,7.6,0.02
07-11-2014,76.9,84.9,70,6.1,0
07-11-2015,78.6,86,72,3.8,0
07-11-2016,74.5,82,68.5,8.7,0
07-11-2017,80.5,89.1,72,8.5,0
07-11-2018,81.7,97,73.9,8.4,0
07-12-2013,75.4,86,72,9.1,0
07-12-2014,77,86,70,7.0,0
07-12-2015,81.1,89.1,72,4.9,0
07-12-2016,76.6,84,69.1,8.1,0
07-12-2017,84.2,91,75,9.1,0
07-12-2018,77,87.1,66.9,6.8,0.59
07-13-2013,71.4,78.1,68,10.5,0.23
07-13-2014,75.3,86,71.1,10.1,0
07-13-2015,80.4,89.1,73,6.9,0
07-13-2016,78.1,86,71.1,8.8,0
07-13-2017,86,93.9,78.1,9.1,0
07-13-2018,77.6,86,66.9,6.2,0
07-14-2013,80.2,93.9,69.1,6.0,0.01
07-14-2014,77.2,84.9,71.1,6.3,0.41
07-14-2015,76.1,84.9,71.1,6.8,0
07-14-2016,80.4,91,73,7.8,0
07-14-2017,69.8,93.9,64.9,8.4,0.01
07-14-2018,80.5,91,71.1,8.9,0
07-15-2013,87.2,93.9,72,7.8,0
07-15-2014,76.3,88,72,7.0,0.57
07-15-2015,75.9,81,71.1,6.5,0.95
07-15-2016,86.6,91.9,75,6.4,0.5
07-15-2017,73.7,86,64.9,6.9,0.47
07-15-2018,78.9,91,71.1,7.1,0.99
07-16-2013,86.5,93.9,79,7.9,0
07-16-2014,73.8,88,68,6.4,0.93
07-16-2015,72.1,81,64,8.7,0.01
07-16-2016,84.1,91.9,77,8.0,0
07-16-2017,78,86,66.9,6.6,0.01
07-16-2018,83.9,93,71.1,6.7,0.04
07-17-2013,87.4,97,78.1,4.0,0
07-17-2014,75,82.9,68,4.8,0
07-17-2015,73.5,80.1,64,9.0,0
07-17-2016,83.1,93,77,5.1,0
07-17-2017,80.1,87.1,71.1,7.2,0
07-17-2018,82.1,93,72,8.8,0
07-18-2013,89.3,100,78.1,6.3,0
07-18-2014,74.6,82.9,68,6.1,0
07-18-2015,76.3,86,68,9.5,0
07-18-2016,86.3,97,77,8.5,0
07-18-2017,80.5,88,75,7.9,0
07-18-2018,77.1,89.1,71.1,9.2,1.6
07-19-2013,92.5,100,82.9,8.9,0
07-19-2014,73.1,82,68,6.0,0
07-19-2015,84.3,93.9,72,5.9,0.18
07-19-2016,80.2,97,75.9,10.9,0.12
07-19-2017,84.8,93.9,75.9,7.6,0
07-19-2018,76,84.9,68,7.7,0
07-20-2013,89.2,100,82.9,11.3,0
07-20-2014,71.2,77,66.9,9.1,0
07-20-2015,89.1,95,78.1,7.1,0
07-20-2016,77.9,88,71.1,7.2,0
07-20-2017,87.2,98.1,77,5.0,0
07-20-2018,76.4,84,68,7.5,0
07-21-2013,82.2,95,77,7.6,0
07-21-2014,74,84,66.9,4.4,0
07-21-2015,86,95,80.1,6.3,0
07-21-2016,80.9,91,71.1,8.3,0
07-21-2017,84.4,98.1,77,8.7,0
07-21-2018,73.9,84,69.1,10.8,0
07-22-2013,77.1,87.1,75,8.3,0
07-22-2014,78.1,87.1,66.9,7.3,0
07-22-2015,77.1,91.9,71.1,11.8,0
07-22-2016,85.1,98.1,75,11.3,0
07-22-2017,85.3,93.9,77,7.5,0
07-22-2018,75.5,84,66.9,15.8,0.67
07-23-2013,80,91,75,7.4,0.58
07-23-2014,80.2,89.1,72,9.9,0
07-23-2015,77.1,86,71.1,9.2,0
07-23-2016,89.5,99,75.9,11.0,0
07-23-2017,76.4,91,72,5.4,0.6
07-23-2018,79.5,86,72,13.4,0.4
07-24-2013,79.9,91,75,7.8,0.31
07-24-2014,76.8,89.1,73,7.9,0.12
07-24-2015,78.2,84.9,71.1,5.4,0
07-24-2016,85.2,99,75.9,7.0,0
07-24-2017,70.2,80.1,64,11.1,0.46
07-24-2018,81.1,87.1,75,14.3,0.07
07-25-2013,68,82.9,64,11.7,0
07-25-2014,74.6,82,66.9,6.9,0
07-25-2015,78.1,84.9,71.1,6.3,0
07-25-2016,84.3,93.9,75.9,8.2,0.02
07-25-2017,65.8,73,62.1,9.1,0.45
07-25-2018,78.5,87.1,73.9,13.3,0.6
07-26-2013,71.5,84,64,8.6,0.02
07-26-2014,75.7,82.9,66.9,7.9,0
07-26-2015,79.8,89.1,71.1,9.6,0
07-26-2016,81.7,93.9,75,8.3,0.77
07-26-2017,70.5,78.1,62.1,7.5,0
07-26-2018,78.8,89.1,73.9,7.0,0.16
07-27-2013,76.9,84,64.9,8.5,0
07-27-2014,77.5,88,71.1,8.5,0
07-27-2015,79.9,89.1,75,8.6,0.05
07-27-2016,84.5,93.9,75,6.6,0
07-27-2017,72.2,78.1,64.9,7.9,0
07-27-2018,82.8,90,73.9,7.3,0
07-28-2013,74.8,84,71.1,7.6,0
07-28-2014,78.2,88,70,9.4,0.26
07-28-2015,82.8,93.9,75.9,5.0,0
07-28-2016,84.7,93.9,77,6.1,0
07-28-2017,76.9,84,66.9,5.8,0
07-28-2018,78.4,90,72,5.2,0.06
07-29-2013,77.3,89.1,71.1,5.7,0.13
07-29-2014,70.6,84,64.9,11.4,0
07-29-2015,86.3,95,75.9,5.8,0
07-29-2016,78.1,93.9,71.1,8.3,0.89
07-29-2017,73.3,84,68,13.2,0
07-29-2018,79,89.1,72,7.6,0
07-30-2013,75.9,89.1,70,8.7,0
07-30-2014,72.5,82.9,64.9,6.5,0
07-30-2015,82.1,95,75,8.8,0
07-30-2016,78.4,84.9,71.1,7.2,0.13
07-30-2017,72.9,82,66,7.0,0
07-30-2018,77.8,84,73,5.8,0
07-31-2013,76.1,82,70,6.2,0
07-31-2014,75.1,82.9,64.9,8.6,0
07-31-2015,81.1,91,73.9,6.8,1.62
07-31-2016,77.7,84,75,8.1,0.18
07-31-2017,77.7,89.1,66,5.3,0
07-31-2018,76.2,82.9,71.1,6.1,0
08-01-2013,73.5,82,69.1,7.6,0
08-01-2014,76.7,86,70,7.3,0
08-01-2015,83.7,91,73.9,7.8,0
08-01-2016,74.2,82.9,71.1,10.4,0.57
08-01-2017,81.3,91,70,5.1,0
08-01-2018,80.4,93,71.1,9.1,0.04
08-02-2013,75.5,86,69.1,7.3,0.5
08-02-2014,71.1,86,64.9,8.7,0.34
08-02-2015,81,90,73,6.5,0
08-02-2016,74.2,80.1,71.1,10.5,0
08-02-2017,79.6,91,69.1,6.1,0
08-02-2018,84.2,93,75,9.4,0
08-03-2013,76.4,86,70,8.1,0
08-03-2014,69.6,75.9,64.9,4.8,0.12
08-03-2015,82.5,91.9,73,9.1,0
08-03-2016,74.2,81,68,7.5,0
08-03-2017,76.2,88,69.1,6.2,0.08
08-03-2018,81.3,91.9,75.9,6.4,0.21
08-04-2013,74.6,81,70,8.7,0.01
08-04-2014,75.4,84,66,5.4,0.01
08-04-2015,83.1,91,69.8,9.7,0.3
08-04-2016,75.6,84,68,5.9,0
08-04-2017,78.1,87.1,70,10.0,0.1
08-04-2018,79.9,88,73.4,6.7,0.19
08-05-2013,71.5,81,64,9.4,0
08-05-2014,79.7,89.1,71.1,4.4,0
08-05-2015,80.5,91,70,6.3,0
08-05-2016,77.4,86,70,8.1,0
08-05-2017,76.3,84.9,70,10.0,0.82
08-05-2018,85.2,93.9,73.9,4.7,1.34
08-06-2013,73.9,82,64,6.3,0
08-06-2014,76.9,89.1,71.1,7.1,0
08-06-2015,76.3,88,64.9,6.7,0
08-06-2016,80.8,91,72,8.8,0
08-06-2017,72,80.1,66,10.9,0.16
08-06-2018,87.3,95,77,4.4,0
08-07-2013,74.4,82,66.9,9.5,0
08-07-2014,75.2,84,66.9,8.1,0
08-07-2015,75.8,82,69.1,8.3,0
08-07-2016,81.5,91,73.9,9.2,0
08-07-2017,70.2,78.1,66,5.8,0
08-07-2018,85.7,91,78.8,8.8,0
08-08-2013,75,82,71.1,9.1,0.16
08-08-2014,74,82.9,66,7.1,0
08-08-2015,74.7,82,69.1,6.0,0
08-08-2016,80.8,89.1,73.9,7.1,0
08-08-2017,70.3,80.1,64.9,7.1,0.43
08-08-2018,83.4,93,75.9,5.5,0
08-09-2013,78.2,89.1,71.1,9.2,0.08
08-09-2014,77.5,87.1,66,4.0,0
08-09-2015,75.7,87.1,69.1,6.8,0
08-09-2016,80.8,89.1,75,6.5,0
08-09-2017,76.5,84.9,64.9,5.2,0
08-09-2018,83.7,93,75,8.2,0.57
08-10-2013,78.3,89.1,72,8.9,0.04
08-10-2014,78.9,87.1,70,4.8,0
08-10-2015,74.5,84,70,8.5,0
08-10-2016,81.5,89.1,75,9.3,0.01
08-10-2017,77.5,86,68,6.0,0
08-10-2018,82.5,91,75,6.6,0
08-11-2013,74.8,84,66.9,5.7,0
08-11-2014,79.7,87.1,71.1,5.9,0
08-11-2015,75.1,82.4,71.1,10.9,0.67
08-11-2016,86.8,97,75.9,7.2,0.05
08-11-2017,75.9,86,71.1,7.7,0
08-11-2018,77.2,91,71.1,6.2,0.48
08-12-2013,74.8,82,66.9,5.5,0.09
08-12-2014,75.5,87.1,72,11.1,0
08-12-2015,77.3,84.9,71.1,9.4,0.51
08-12-2016,86.5,98.1,75.9,7.9,0.56
08-12-2017,71.8,82,64.9,5.9,0.17
08-12-2018,76.9,84,71.1,7.2,1.47
08-13-2013,74,82,70,5.3,0.01
08-13-2014,73.4,86,68,13.5,0.77
08-13-2015,75.7,84.9,69.1,7.6,0
08-13-2016,89.2,98.1,75.9,7.0,0.07
08-13-2017,76.8,84.9,64.9,8.0,0.16
08-13-2018,74.6,84,72,11.4,0
08-14-2013,69.5,78.1,62.1,12.4,0.73
08-14-2014,72,86,64,11.6,0.15
08-14-2015,78.9,88,69.1,5.2,0
08-14-2016,90.7,97,82,8.6,0
08-14-2017,76.6,84.9,71.1,5.8,0
08-14-2018,76.4,87.1,72,5.3,0.61
08-15-2013,69.8,78.1,62.1,8.2,0
08-15-2014,69.6,79,63,9.2,0
08-15-2015,81.4,91.9,71.1,6.5,0
08-15-2016,84.6,98.1,78.1,5.6,0.01
08-15-2017,73.2,77,69.1,5.3,0.32
08-15-2018,79.4,91,72,10.1,0.58
08-16-2013,72.6,81,63,3.7,0
08-16-2014,71.7,79,63,7.1,0
08-16-2015,82.8,91.9,73.9,4.9,0
08-16-2016,84.9,93,78.1,9.0,0
08-16-2017,76.8,86,69.1,4.8,0.12
08-16-2018,85.3,93,73,7.3,0
08-17-2013,73.6,81,66.9,5.2,0
08-17-2014,74.7,82.9,66,7.7,0
08-17-2015,84.7,93,77,4.8,0
08-17-2016,82.8,91,78.1,11.7,0.13
08-17-2017,76.4,86,70,7.0,0
08-17-2018,85.7,93,79,8.3,0
08-18-2013,72.5,81,68,5.2,0
08-18-2014,72.6,82.9,64,8.8,0.01
08-18-2015,83.4,93,77,8.5,0
08-18-2016,80.3,88,75,5.4,0.02
08-18-2017,77.3,82.9,70,7.7,0.01
08-18-2018,81.1,91,73.9,8.5,0.65
08-19-2013,73.5,80.1,68,5.5,0
08-19-2014,72.5,81,64,6.9,0
08-19-2015,80.2,89.1,75.9,9.6,0
08-19-2016,81.6,89.1,75,6.6,0
08-19-2017,80.1,89.1,73,7.5,0.9
08-19-2018,72.7,90,70,10.8,0.02
08-20-2013,77.5,89.1,68,4.5,0
08-20-2014,75.4,84,64.9,6.2,0
08-20-2015,81,87.1,75.9,11.0,0
08-20-2016,79,89.1,75,6.3,0.02
08-20-2017,78.7,89.1,71.1,10.4,0
08-20-2018,71.8,77,68,9.3,0.13
08-21-2013,81.1,90,70,4.5,0
08-21-2014,75,84,69.1,6.3,0.07
08-21-2015,78.7,87.1,71.1,9.1,0.32
08-21-2016,80.7,89.1,75,9.7,0.12
08-21-2017,80.8,88,71.1,6.7,0
08-21-2018,73.3,81,68,6.5,0
08-22-2013,77.5,90,73,5.8,0
08-22-2014,71.2,81,64,7.6,1.2
08-22-2015,76.6,86,70,6.8,0
08-22-2016,76,89.1,71.1,15.1,0.13
08-22-2017,81.5,91,75,8.6,0
08-22-2018,78.4,87.1,68,10.4,0.35
08-23-2013,76.2,81,72,9.0,0.24
08-23-2014,70.1,75.9,66.9,8.2,0.04
08-23-2015,75.8,84,70,5.9,0
08-23-2016,74.3,84,66.9,6.4,0
08-23-2017,78.2,84,73.4,11.1,0.25
08-23-2018,74.4,87.1,68,11.1,0.28
08-24-2013,71.5,81,64,8.9,0
08-24-2014,72,80.1,64.9,6.2,0
08-24-2015,78.5,86,71.1,5.5,0
08-24-2016,78.6,89.1,66.9,6.4,0
08-24-2017,75.2,82,69.1,6.8,0.02
08-24-2018,76.6,84.9,68,7.3,0
08-25-2013,73.8,82.9,64,4.8,0
08-25-2014,75.4,86,64.9,4.4,0
08-25-2015,80.6,88,73,8.3,0
08-25-2016,78.6,89.1,71.1,10.6,0
08-25-2017,72.3,81,66,6.0,0
08-25-2018,76.1,84.9,70,5.9,0
08-26-2013,75.3,84,66.9,9.1,0
08-26-2014,79,86,68,4.6,0
08-26-2015,76.9,88,69.1,9.3,0
08-26-2016,83.6,91,73,8.7,0.01
08-26-2017,71,78.1,64,5.7,0
08-26-2018,76.9,84.9,71.1,7.7,0
08-27-2013,78.3,86,70,10.6,0.01
08-27-2014,79,89.1,71.1,7.0,0
08-27-2015,74.2,82.9,68,9.0,0
08-27-2016,82.4,91,75.9,8.2,0
08-27-2017,70.2,77,64,7.1,0
08-27-2018,82.9,91,71.1,6.4,0
08-28-2013,78,86,73,3.2,0.1
08-28-2014,76.5,89.1,70,8.9,0
08-28-2015,73.1,82.9,66,5.3,0
08-28-2016,80.7,89.1,73.9,6.3,0
08-28-2017,69.8,77,64,9.3,0
08-28-2018,88.5,98.1,77,7.0,0
08-29-2013,74.6,84.9,71.1,7.3,0
08-29-2014,70.3,80.1,64,8.0,0
08-29-2015,76.8,84.9,66,5.3,0
08-29-2016,82.1,91,73.9,8.6,0
08-29-2017,66.5,75,64,11.6,0
08-29-2018,90.9,98.1,81,8.7,0
08-30-2013,75.4,86,69.1,7.4,0
08-30-2014,71.7,79,64,6.7,0
08-30-2015,79.1,90,70,7.4,0
08-30-2016,79,91,72,9.0,0
08-30-2017,67.5,80.1,61,10.6,0.32
08-30-2018,87.4,97,81,9.5,0
08-31-2013,78.5,86,69.1,8.8,0
08-31-2014,77.4,91.9,66.9,9.4,0
08-31-2015,82.7,91.9,72,7.5,0.08
08-31-2016,80.5,90,72,7.5,0
08-31-2017,74,82,61,9.8,0.01
08-31-2018,77.5,91,73.9,10.4,0
09-01-2013,79.6,86,73,8.0,0
09-01-2014,80.3,91.9,73,5.6,0.79
09-01-2015,82.6,91.9,75.9,6.3,0
09-01-2016,76.9,90,73,5.6,0.03
09-01-2017,65.4,82,55.9,10.7,0
09-01-2018,73.7,79,70,9.2,0.02
09-02-2013,76.9,80.6,71.6,4.8,0
09-02-2014,84.3,93,75.9,6.8,0
09-02-2015,80.2,88,75,5.6,0
09-02-2016,75,82.9,68,9.2,0.31
09-02-2017,63.2,72,55.9,7.9,0
09-02-2018,75.5,82,70,5.7,0
09-03-2013,76.2,82,72,6.7,0.99
09-03-2014,80.2,93,73,9.6,0
09-03-2015,82.6,93,75,4.9,0
09-03-2016,73.5,82.9,68,10.8,0
09-03-2017,62.6,72,55.9,9.8,0.79
09-03-2018,82.2,93,70,6.4,0
09-04-2013,73.3,82,66,10.4,0.09
09-04-2014,78.5,86,71.1,6.1,0
09-04-2015,80.3,93,75,8.6,0
09-04-2016,72.1,81,66,9.5,0
09-04-2017,71.3,82,59,11.2,0.4
09-04-2018,86.1,93,77,6.5,0
09-05-2013,74.3,82,66,9.3,0
09-05-2014,78.3,86,71.1,8.0,0
09-05-2015,72.9,84,66.9,8.7,0
09-05-2016,73.8,84,66,10.8,0
09-05-2017,76.4,84.9,64,8.8,0
09-05-2018,84.6,93,79,6.6,0
09-06-2013,64.8,77,57,7.5,0
09-06-2014,80.8,91,73,8.0,0
09-06-2015,73.9,84,66.9,5.1,0
09-06-2016,77.8,84,66.9,15.2,0
09-06-2017,69.9,84.9,62.1,7.0,0
09-06-2018,84.5,96.1,75.9,8.2,0
09-07-2013,68.3,79,57,6.5,0
09-07-2014,73.1,91,66,8.2,0.21
09-07-2015,77.8,90,66.9,7.9,0
09-07-2016,77.2,86,71.6,11.2,0.01
09-07-2017,65.4,73,60.8,8.3,0.44
09-07-2018,75.8,78.1,72,9.1,0.22
09-08-2013,73.9,80.1,61,8.7,0
09-08-2014,71,80.1,64.9,9.4,0
09-08-2015,83.3,95,71.1,7.8,0
09-08-2016,79,88,72,6.0,0
09-08-2017,67.5,75,61,10.6,0
09-08-2018,70.4,77,64.9,9.6,0
09-09-2013,65.9,80.1,57.9,7.7,0
09-09-2014,68.1,77,64,12.5,0
09-09-2015,81.1,88,75.2,10.4,0
09-09-2016,86.5,93,73,7.5,0
09-09-2017,63.7,73,57.9,9.1,0
09-09-2018,62.7,73,59,11.7,0.03
09-10-2013,74.8,88,57.9,8.8,0
09-10-2014,68.5,75,62.6,9.3,0
09-10-2015,75.3,89.1,72,8.5,0.66
09-10-2016,82.2,93,75.9,7.1,0.05
09-10-2017,65,73,59,9.7,0
09-10-2018,61.7,66,57,13.9,0.6
09-11-2013,83.6,93.9,69.1,7.5,0
09-11-2014,73.8,84,63,9.1,0
09-11-2015,72.4,81,66,8.8,0.52
09-11-2016,80.6,91,75.9,11.5,0
09-11-2017,67.7,78.1,59,5.1,0
09-11-2018,67.6,75.2,64,7.5,0.61
09-12-2013,80.6,88,71.1,8.4,0
09-12-2014,70.6,84,63,9.6,0
09-12-2015,74.6,81,66,7.2,0
09-12-2016,71.3,84,64,8.2,0
09-12-2017,71.9,82,59,2.9,0
09-12-2018,73.8,78.1,64,4.9,0.05
09-13-2013,71.3,86,68,9.4,1.3
09-13-2014,65.1,71.1,60.8,10.5,0
09-13-2015,72.6,79,68,8.8,0.22
09-13-2016,73.2,82,64,7.7,0
09-13-2017,74,84,63,4.9,0
09-13-2018,73,78.1,70,9.9,0.23
09-14-2013,61.6,77,55.9,10.8,0.03
09-14-2014,62.1,71.1,55,7.4,0.19
09-14-2015,66.6,79,59,12.8,0.05
09-14-2016,78,91.9,68,8.5,0
09-14-2017,75.1,84,66.9,7.0,0.02
09-14-2018,72.8,77,70,10.4,0.14
09-15-2013,61.5,73,54,6.9,0
09-15-2014,63.6,73,55,6.5,0
09-15-2015,73.2,84,59,6.2,0
09-15-2016,70.4,91.9,63,10.3,0.37
09-15-2017,76.6,82.9,70,6.3,0
09-15-2018,74.2,81,69.1,5.2,0
09-16-2013,65.8,73,54,6.9,0
09-16-2014,63.9,73,55,5.6,0.01
09-16-2015,76.8,87.1,64.9,2.7,0
09-16-2016,68.5,75,63,6.4,0
09-16-2017,74.2,82,69.1,5.8,0
09-16-2018,75.8,86,69.1,4.0,0
09-17-2013,58.2,72,48.9,10.1,0.02
09-17-2014,65.9,73,57.9,4.3,0.41
09-17-2015,78,87.1,68,4.1,0
09-17-2016,69.2,78.1,64,6.3,0
09-17-2017,72.8,81,69.1,5.1,0
09-17-2018,75,79,71.1,6.2,0
09-18-2013,61.8,71.1,48.9,5.0,0
09-18-2014,67.6,75,59,4.6,0
09-18-2015,76.9,87.1,70,5.0,0
09-18-2016,76.3,84.9,64,8.8,0
09-18-2017,70.6,81,68,8.7,0
09-18-2018,76.6,82.9,71.6,9.4,0.05
09-19-2013,65,77,55,5.4,0
09-19-2014,62.1,75,55,10.3,0
09-19-2015,73.9,84.9,69.1,7.7,0
09-19-2016,75.2,84.9,72,5.9,0.31
09-19-2017,72.3,78.1,68,13.7,0
09-19-2018,75.6,82.9,72,5.5,1.98
09-20-2013,68.1,78.1,57,5.8,0
09-20-2014,65,73.9,55,9.1,0
09-20-2015,73.3,80.1,69.1,10.8,0
09-20-2016,75.4,84,71.1,5.1,0.47
09-20-2017,73.9,78.1,69.1,13.3,0.19
09-20-2018,69.3,82,66,7.6,0
09-21-2013,67.4,78.1,61,9.4,0
09-21-2014,70.4,77,57.9,3.5,0.21
09-21-2015,65.4,75.9,59,11.0,0
09-21-2016,77.6,84.9,71.1,4.0,0
09-21-2017,75.8,79,71.1,10.2,0
09-21-2018,70.7,73.9,66,9.9,0
09-22-2013,66.3,75.9,61,12.9,0.98
09-22-2014,68.8,77,61,11.1,0
09-22-2015,66.3,73,59,10.8,0
09-22-2016,76.8,86,70,5.8,0
09-22-2017,73.8,81,68,11.5,0
09-22-2018,72.6,75.9,68,11.0,0
09-23-2013,58.5,68,52,10.6,0.53
09-23-2014,60.9,73,54,7.0,0
09-23-2015,67.6,79,59,6.3,0
09-23-2016,77.2,89.1,69.1,4.3,0
09-23-2017,76.5,86,68,10.0,0
09-23-2018,64.6,75.9,62.1,7.5,0
09-24-2013,59.1,73,50,8.0,0
09-24-2014,65,73,54,8.1,0
09-24-2015,69.9,81,59,6.4,0
09-24-2016,68.5,89.1,59,9.5,0.44
09-24-2017,79.5,91,70,3.5,0
09-24-2018,64.9,72,60.1,10.7,0
09-25-2013,64.1,73,50,5.4,0
09-25-2014,62.6,70,57.9,13.0,0.02
09-25-2015,68.5,81,63,9.7,0
09-25-2016,64.2,72,57.9,6.8,0.2
09-25-2017,77.5,91,71.1,5.5,0
09-25-2018,66.2,78.1,60.1,13.7,0.19
09-26-2013,63.9,72,55,6.2,0
09-26-2014,66.4,77,57.9,7.0,0.15
09-26-2015,65.9,70,60.8,9.5,0
09-26-2016,65.6,73,57,7.2,0
09-26-2017,73.7,86,68,5.6,0
09-26-2018,76,82.9,60.1,7.4,0.95
09-27-2013,61.5,69.1,57,6.4,0
09-27-2014,72.6,82.9,60.1,3.6,0
09-27-2015,62.2,70,55.9,9.1,0
09-27-2016,70.5,75.9,57,8.4,0.15
09-27-2017,75,84,68,7.2,0
09-27-2018,69.9,82.9,63,9.8,0.14
09-28-2013,64.4,73,57,7.3,0
09-28-2014,73.4,84,64.9,3.2,0
09-28-2015,68.5,79,55.9,6.3,0
09-28-2016,67.6,75.9,62.1,10.8,0
09-28-2017,74.1,84,68,11.8,0
09-28-2018,63.4,75,57.9,10.1,0.82
09-29-2013,64.6,73,57.9,4.9,0
09-29-2014,72.7,84,64.9,4.1,0
09-29-2015,74.7,82.9,64.9,5.5,0
09-29-2016,63.2,71.1,60.1,18.2,0
09-29-2017,63.3,77,57,9.0,0
09-29-2018,66,75,57.9,4.9,0.02
09-30-2013,63.9,73,57.9,4.1,0
09-30-2014,69,73.9,64.4,6.2,0
09-30-2015,73.2,82.9,66,10.6,1.05
09-30-2016,62.1,66.9,60.1,21.8,0
09-30-2017,62.1,70,55.9,9.4,0
09-30-2018,65.1,75,57.9,5.9,0
10-01-2013,68.9,81,57.9,5.5,0
10-01-2014,63.3,66.2,60.8,8.4,0.04
10-01-2015,59.4,78.1,54,13.6,0.06
10-01-2016,60.5,64,57.2,12.7,0.39
10-01-2017,58.8,70,52,6.8,0
10-01-2018,70.2,78.1,57.9,6.2,0
10-02-2013,73.9,84,62.1,6.0,0
10-02-2014,63.3,68,60.1,9.1,0
10-02-2015,53.9,57.9,50,16.3,0.13
10-02-2016,60.7,64.4,57.2,8.1,0
10-02-2017,64.5,73.9,52,4.8,0
10-02-2018,72.8,79,64.9,7.9,0
10-03-2013,72.6,84,64.9,4.3,0
10-03-2014,62.4,69.1,57,6.8,0
10-03-2015,51.6,55,48.2,21.6,1.45
10-03-2016,66.4,73,57.9,4.8,0
10-03-2017,64,73.9,55.9,5.2,0
10-03-2018,71.3,79,66.9,8.0,0.56
10-04-2013,74,86,64.9,4.9,0
10-04-2014,65,71.1,57,10.0,0.07
10-04-2015,57.1,63,48.9,18.2,0.02
10-04-2016,66.5,73,62.1,9.4,0
10-04-2017,64.8,75,57.9,6.8,0
10-04-2018,70.4,79,64,5.2,0
10-05-2013,68.3,86,64,6.7,0.03
10-05-2014,54.2,71.1,46.9,12.2,0.98
10-05-2015,57.2,64.9,51.8,11.5,0
10-05-2016,62.1,71.1,55,9.7,0
10-05-2017,73,84,57.9,9.5,0
10-05-2018,68.5,79,61,7.8,0.04
10-06-2013,66.5,73,64,7.6,0.01
10-06-2014,59.2,71.1,46.9,8.5,0
10-06-2015,62.4,73,52,5.0,0
10-06-2016,64.7,75,55,4.4,0
10-06-2017,74.7,84,66,7.0,0
10-06-2018,65.7,73,61,6.9,0
10-07-2013,70.7,77,64,11.8,0.33
10-07-2014,67.1,72,51.1,11.4,0
10-07-2015,64.6,73,55,5.5,0
10-07-2016,65.9,77,59,5.3,0
10-07-2017,72.4,82,66,6.4,0
10-07-2018,73,82,64,5.7,0
10-08-2013,61.6,77,55.9,10.2,0
10-08-2014,67.6,73,64,13.5,0.06
10-08-2015,64.2,73,59,5.9,0
10-08-2016,64.9,77,60.1,5.2,0
10-08-2017,74,82,66,9.3,0
10-08-2018,69.7,82,64.9,7.7,0
10-09-2013,59.7,66,54,12.3,0
10-09-2014,64.2,73,57.9,12.6,0.03
10-09-2015,66.9,78.1,60.1,7.7,0
10-09-2016,61.4,69.1,54,11.2,0.3
10-09-2017,73.9,80.1,71.1,9.0,0.39
10-09-2018,71.2,78.1,64.9,6.0,0
10-10-2013,59.1,66,54,13.2,0
10-10-2014,60.3,69.1,54,6.5,0
10-10-2015,60,78.1,52,8.1,0.5
10-10-2016,57,66.9,50,12.3,0.32
10-10-2017,75.1,81,69.1,8.4,0.21
10-10-2018,74.8,82,66.9,6.7,0
10-11-2013,63.7,69.1,54,16.4,0
10-11-2014,56.2,62.1,51.8,6.2,0.13
10-11-2015,59.7,70,52,6.2,0
10-11-2016,56.1,64.9,48.9,6.7,0
10-11-2017,70.8,81,68,7.0,0
10-11-2018,74.1,82,71.1,7.9,0
10-12-2013,65.7,72,60.1,15.5,0
10-12-2014,55.1,62.1,48.9,5.3,0.2
10-12-2015,64.5,75.9,53.1,6.4,0
10-12-2016,60.8,69.1,48.9,4.8,0
10-12-2017,62.7,78.1,59,14.4,0.07
10-12-2018,65,80.1,57,14.1,1.15
10-13-2013,60.9,72,57,15.0,0
10-13-2014,58.8,66,48.9,4.4,0
10-13-2015,66.1,75.9,55.9,6.8,0
10-13-2016,62.5,70,55.9,5.4,0
10-13-2017,59.1,68,53.1,11.2,0.03
10-13-2018,54,72,48.9,9.7,0.02
10-14-2013,58,64.9,53.1,6.6,0
10-14-2014,67.6,75.9,53.1,8.5,0.03
10-14-2015,64.5,73,59,9.2,0
10-14-2016,57.4,70,50,9.9,0
10-14-2017,65.7,73,53.1,6.6,0.03
10-14-2018,55.3,60.1,48.9,6.5,0.03
10-15-2013,60.4,70,53.1,4.7,0
10-15-2014,71.9,78.1,64,12.9,0
10-15-2015,58.5,68,52,9.1,0
10-15-2016,57.3,66,48.9,5.6,0
10-15-2017,69.8,75,62.1,6.8,0
10-15-2018,60.4,68,51.1,6.8,0.02
10-16-2013,60.1,70,55.9,5.6,0
10-16-2014,69.8,78.1,64.9,11.0,0.72
10-16-2015,59,64,52,10.0,0
10-16-2016,62.2,73.9,48.9,7.5,0
10-16-2017,62.6,75,55,14.0,0.01
10-16-2018,57.8,70,48.9,12.5,0.04
10-17-2013,64.7,73,57,6.7,0
10-17-2014,65.8,72,61,8.7,0.08
10-17-2015,52.9,64,48,11.6,0
10-17-2016,72.1,82.9,55,5.4,0
10-17-2017,51.8,71.1,45,8.7,0
10-17-2018,55.8,64,48.9,12.1,0.02
10-18-2013,64.2,73,57.9,11.5,0.01
10-18-2014,64.1,72,60.1,8.9,0
10-18-2015,44.4,55,39,11.4,0
10-18-2016,74.6,82.9,66,7.1,0
10-18-2017,60,73.9,45,6.2,0
10-18-2018,49.3,64,44.1,15.3,0
10-19-2013,59.4,69.1,54,5.9,0
10-19-2014,54.5,70,48,14.8,0
10-19-2015,43.5,53.1,37,8.1,0
10-19-2016,77.1,86,68,8.6,0
10-19-2017,64.7,73.9,52,7.9,0
10-19-2018,52.4,63,44.1,8.6,0
10-20-2013,58.4,64,51.1,10.4,0
10-20-2014,49.8,61,44.1,8.4,0
10-20-2015,56,71.1,37,10.5,0
10-20-2016,68.3,86,63,8.9,0
10-20-2017,66.9,73.9,57.9,9.7,0
10-20-2018,59,64.9,45,10.7,0.07
10-21-2013,59.3,66.9,51.1,7.3,0
10-21-2014,60,68,44.1,5.6,0
10-21-2015,65.5,75.9,48.9,5.9,0
10-21-2016,69.5,73,63,7.4,0
10-21-2017,67.7,79,59,4.6,0
10-21-2018,51.2,64.9,45,15.6,0
10-22-2013,59.6,68,52,7.6,0
10-22-2014,57,68,52,11.5,0.35
10-22-2015,65,75.9,57,7.2,0
10-22-2016,55.8,71.1,48.9,14.0,2.05
10-22-2017,66.7,75.9,57.9,4.5,0
10-22-2018,46.9,66,42.1,9.7,0
10-23-2013,52.8,68,50,7.8,0
10-23-2014,52.2,59,51.1,15.6,1
10-23-2015,60,75.9,52,11.0,0
10-23-2016,54.4,64,48,15.9,0.07
10-23-2017,66.9,75.9,57.9,7.1,0
10-23-2018,54.6,78.1,42.1,7.2,0
10-24-2013,48.4,55,43,11.8,0
10-24-2014,54.7,62.1,51.1,11.2,0.23
10-24-2015,48.3,64.9,41,7.7,0
10-24-2016,58.8,64,48,11.6,0
10-24-2017,70.8,75.9,61,17.4,0.04
10-24-2018,51.8,55.9,48,15.4,0
10-25-2013,47.4,55,42.1,13.0,0
10-25-2014,58.7,68,51.1,8.3,0
10-25-2015,59.3,68,41,9.1,0.01
10-25-2016,50.9,64,48,14.5,0
10-25-2017,64.8,75.9,61,5.5,0.09
10-25-2018,47.8,55.9,44.1,13.9,0
10-26-2013,49.5,55.9,42.1,10.1,0
10-26-2014,59.6,68,52,13.3,0
10-26-2015,53,68,48,8.4,0.02
10-26-2016,47.1,55,41,11.3,0
10-26-2017,58,68,53.1,10.5,0
10-26-2018,45.2,52,42.1,6.5,0
10-27-2013,53,59,43,10.3,0
10-27-2014,57,64,51.1,11.0,0
10-27-2015,52.2,59,46,6.0,0
10-27-2016,45.7,57,41,9.9,0
10-27-2017,55.7,63,51.1,8.9,0
10-27-2018,48.9,53.6,45,19.3,0.66
10-28-2013,53,61,44.1,7.7,0
10-28-2014,60.4,72,51.1,6.1,0
10-28-2015,56.9,70,46,12.7,0
10-28-2016,50.6,57.9,42.1,14.9,1.32
10-28-2017,60.9,68,51.1,9.0,0
10-28-2018,50.3,54,45,9.4,0.36
10-29-2013,50.5,61,44.1,8.0,0
10-29-2014,64.2,72,53.1,7.1,0
10-29-2015,67.6,73.9,51.1,13.5,1.26
10-29-2016,51,66,44.1,8.2,0
10-29-2017,64,68,54,10.3,0.1
10-29-2018,53.2,57.9,46.9,9.8,0.07
10-30-2013,52.9,60.1,44.1,4.5,0
10-30-2014,54,72,50,8.4,0
10-30-2015,56.8,73.9,51.1,13.4,0.01
10-30-2016,67.7,78.1,60.1,7.1,0
10-30-2017,57.1,68,46.9,15.9,2.79
10-30-2018,50.4,57.9,45,12.0,0.03
10-31-2013,59.3,66.9,48,6.2,0
10-31-2014,49.9,57.9,45,9.3,0
10-31-2015,49,60.1,43,7.8,0
10-31-2016,53,60.1,46.9,10.7,0.76
10-31-2017,53.8,62.1,46.9,13.2,0.05
10-31-2018,54.7,64,45,7.0,0
11-01-2013,65.9,70,53.1,12.1,0.05
11-01-2014,48.1,55,45,15.1,0.05
11-01-2015,57.3,64.9,43,7.1,0
11-01-2016,50.8,61,44.1,6.2,0
11-01-2017,51.4,57.9,46.9,7.8,0
11-01-2018,62.4,71.1,45,6.3,0
11-02-2013,61.5,70,55,5.7,0.05
11-02-2014,44.6,48,42.1,19.4,0.17
11-02-2015,60.2,64.9,53.1,4.9,0
11-02-2016,61.2,72,44.1,7.1,0
11-02-2017,63,72,46.9,6.7,0
11-02-2018,65.4,71.1,57,9.3,0
11-03-2013,50.9,68,42.1,11.2,0.01
11-03-2014,48.1,62.1,41,13.6,0
11-03-2015,61.3,73,51.1,2.5,0
11-03-2016,66.8,75,55.9,7.4,0
11-03-2017,66.1,75,57.9,7.6,0
11-03-2018,59.8,69.1,54,13.4,0.33
11-04-2013,39.5,55.9,34,10.3,0
11-04-2014,60.2,69.1,41,8.5,0
11-04-2015,61.5,73,51.1,3.6,0
11-04-2016,59.1,75,55,11.4,0
11-04-2017,53.1,75,48,10.3,0
11-04-2018,51,66,46,7.9,0.23
11-05-2013,46.8,55,34,6.7,0
11-05-2014,61.4,69.1,55,9.0,0
11-05-2015,62,71.1,55,3.3,0
11-05-2016,54.9,64,48,10.8,0
11-05-2017,54.8,61,48,7.8,0.02
11-05-2018,51.2,57,46,9.6,0
11-06-2013,53.2,61,42.1,5.9,0
11-06-2014,52.7,64,48,5.3,0.13
11-06-2015,68.3,75,57,7.5,0
11-06-2016,57.7,64,48,12.0,0
11-06-2017,62.6,66,52,7.8,0.08
11-06-2018,54,61,48.9,8.2,0.36
11-07-2013,58.3,63,46.9,9.2,0
11-07-2014,49.6,59,45,12.9,0.21
11-07-2015,65.9,75,57,9.2,0
11-07-2016,49,60.1,43,10.0,0
11-07-2017,48,66,42.1,10.3,0
11-07-2018,58.8,64.9,50,10.8,0.82
11-08-2013,46,63,41,14.2,0.08
11-08-2014,42.4,52,37.9,11.0,0
11-08-2015,53.5,72,48,9.9,0
11-08-2016,56.1,70,43,3.5,0
11-08-2017,43.4,51.1,39.9,9.5,0.6
11-08-2018,54.3,64.9,48,9.6,0
11-09-2013,44.3,50,39.9,10.3,0
11-09-2014,49.9,57,37.9,6.2,0
11-09-2015,53,60.1,46,2.9,0
11-09-2016,59.3,70,46.9,5.0,0
11-09-2017,47.6,55.9,39.9,6.5,0
11-09-2018,48.2,57.9,43,10.2,0
11-10-2013,50.1,60.1,39.9,11.0,0
11-10-2014,51.8,61,42.1,3.4,0
11-10-2015,56,60.1,46,9.6,0
11-10-2016,51,63,44.1,10.4,0.02
11-10-2017,44.4,55.9,30.9,15.2,0
11-10-2018,47.8,54,39.9,14.7,0.74
11-11-2013,48.6,60.1,44.1,13.6,0
11-11-2014,54.9,64,42.1,5.0,0
11-11-2015,53.2,59,50,12.7,0.5
11-11-2016,55.7,63,48.9,14.7,0
11-11-2017,31,37.9,26.1,11.3,0
11-11-2018,40.8,51.1,36,11.2,0.02
11-12-2013,43.9,53.1,34,13.4,0.02
11-12-2014,58.7,66,46.9,5.6,0
11-12-2015,55.2,60.1,50,8.0,0.23
11-12-2016,45.3,63,39.9,11.7,0
11-12-2017,39.5,46.9,26.1,4.3,0
11-12-2018,44.1,50,36,4.5,0
11-13-2013,34,52,30,13.4,0.01
11-13-2014,45.7,66,39.9,5.3,0
11-13-2015,56.8,60.1,51.1,16.1,0.01
11-13-2016,52,64,39.9,8.1,0
11-13-2017,45.4,50,34,6.2,0
11-13-2018,48.4,53.6,46,9.4,0.72
11-14-2013,41,53.1,30,11.6,0
11-14-2014,39.3,48,36,12.4,0.2
11-14-2015,47.8,59,45,16.2,0
11-14-2016,56.6,64,43,6.3,0
11-14-2017,43,50,39,8.3,0.05
11-14-2018,40.5,53.1,36,15.9,0.43
11-15-2013,49.1,57,34,6.2,0
11-15-2014,37.8,43,34,9.7,0.03
11-15-2015,47.4,59,42.1,8.5,0
11-15-2016,53.5,60.1,48.2,8.8,0.17
11-15-2017,43.5,51.1,37.9,7.4,0
11-15-2018,33,43,30,10.8,0
11-16-2013,51.9,59,43,5.5,0.03
11-16-2014,39.4,44.1,34,5.4,0
11-16-2015,58.8,68,42.1,5.7,0
11-16-2016,54,64,48,9.1,1.44
11-16-2017,52.2,59,37.9,10.2,0.7
11-16-2018,40.6,46,33.1,18.1,1.23
11-17-2013,52.6,60.8,48.2,4.5,0.02
11-17-2014,43.6,53.1,35.1,5.8,0.51
11-17-2015,49.1,68,41,10.7,0
11-17-2016,56.8,64,48,9.9,0
11-17-2017,45.5,59,41,16.8,0.08
11-17-2018,43.7,48,39.9,12.6,0.04
11-18-2013,60.3,64.9,48.9,11.4,0.25
11-18-2014,37.1,53.1,28,16.2,1
11-18-2015,50.5,59,41,7.3,0
11-18-2016,54.9,66.9,48,6.2,0
11-18-2017,44,52,36,7.2,0
11-18-2018,42.9,46,39.9,7.2,0
11-19-2013,48.3,64.9,41,16.8,0.23
11-19-2014,26.7,46,21.9,12.9,0
11-19-2015,59.7,64,45,11.7,0
11-19-2016,55.1,66.9,48,5.4,0
11-19-2017,53.5,60.1,36,15.7,0.33
11-19-2018,45.9,51.1,41,4.1,0
11-20-2013,38,51.1,32,9.0,0
11-20-2014,38.1,46,21.9,11.2,0
11-20-2015,58.9,64.4,53.1,12.5,1.16
11-20-2016,44.3,62.1,37,17.0,0.52
11-20-2017,43.1,60.1,37,13.1,0.02
11-20-2018,45.9,48.9,42.1,9.2,0
11-21-2013,41.6,52,32,6.4,0
11-21-2014,33.1,46,28,15.8,0
11-21-2015,47.2,64,43,8.7,0
11-21-2016,40.7,44.1,37,21.0,0.34
11-21-2017,49.1,59,37,11.2,0
11-21-2018,41.5,45,37,12.8,0
11-22-2013,52.4,57,36,6.4,0
11-22-2014,34.3,43,28,8.8,0
11-22-2015,52.1,55.9,43,7.9,0
11-22-2016,40.9,43,39,19.3,0
11-22-2017,51.7,59,43,8.7,0
11-22-2018,26.7,45,21,17.2,0
11-23-2013,47.4,57,39.9,12.8,0.07
11-23-2014,46.9,55,28.9,7.9,0
11-23-2015,41.8,55.9,36,13.2,0
11-23-2016,41,46,37,12.3,0
11-23-2017,38.7,55,34,10.9,0.16
11-23-2018,23.4,32,17.1,8.4,0
11-24-2013,29.4,55,24.1,22.2,0.02
11-24-2014,57.5,64,44.1,10.6,0.61
11-24-2015,39.2,46.9,33.1,7.2,0
11-24-2016,44.3,50,37,7.1,0
11-24-2017,43,51.1,34,5.7,0
11-24-2018,36.5,48,17.1,6.7,0
11-25-2013,27.9,35.1,24.1,11.9,0
11-25-2014,60.1,66.9,48.9,9.7,0
11-25-2015,44,48.9,33.1,6.5,0
11-25-2016,50.2,55.9,41,4.1,0.02
11-25-2017,48.6,57.9,37,6.9,0
11-25-2018,49.6,55.9,32,12.8,1.53
11-26-2013,36,39.9,24.1,7.0,0
11-26-2014,44,53.1,33.8,9.8,0
11-26-2015,48.1,60.1,39.9,3.9,0
11-26-2016,50,55.9,46.9,7.9,0.01
11-26-2017,49.3,57.9,42.1,13.0,0
11-26-2018,49.5,55.9,44.1,8.1,0.66
11-27-2013,48,60.1,34,13.7,1.91
11-27-2014,36.5,51.1,34,11.3,1.07
11-27-2015,55.6,64.9,41,5.0,0
11-27-2016,46,52,43,12.5,0
11-27-2017,45.3,53.1,42.1,12.9,0
11-27-2018,44.6,54,42.1,16.5,0.88
11-28-2013,34.1,39.2,30.9,17.9,0.3
11-28-2014,34.4,37.9,30.9,13.1,0.01
11-28-2015,57.2,64.9,46.9,6.8,0
11-28-2016,46.7,53.1,42.1,8.0,0
11-28-2017,44,53.1,37,8.1,0
11-28-2018,39.7,48,37,15.5,0.02
11-29-2013,34.1,39,30.9,7.2,0
11-29-2014,31.4,37,28.9,5.9,0
11-29-2015,43,46.9,37.9,8.7,0.03
11-29-2016,55.4,61,42.1,9.7,0
11-29-2017,54.4,64,37,10.4,0
11-29-2018,42.7,46,37,18.3,0
11-30-2013,31.3,39,25,7.2,0
11-30-2014,46.5,53.1,28.9,7.7,0
11-30-2015,39.8,46,33.8,10.5,0
11-30-2016,57.2,62.6,53.6,7.5,2.23
11-30-2017,44.2,64,39.9,7.3,0
11-30-2018,40.6,46,39,7.1,0
12-01-2013,41.1,48.9,25,3.2,0
12-01-2014,55.4,64,44.1,7.6,0
12-01-2015,47.1,53.6,44.1,9.6,0.13
12-01-2016,53.7,61,50,12.7,1.01
12-01-2017,50.4,54,39.9,9.3,0.02
12-01-2018,41.5,45,37.9,4.5,0.01
12-02-2013,44.2,48.9,37,4.5,0
12-02-2014,39.7,46,35.1,12.3,0.05
12-02-2015,48.1,55.4,46,5.1,0.24
12-02-2016,47.3,57,43,14.3,0.05
12-02-2017,44.2,53.1,39.9,5.5,0
12-02-2018,46.2,55,37.9,7.6,0.43
12-03-2013,44,53.1,37.9,4.0,0
12-03-2014,43.5,46.9,35.1,8.3,0.12
12-03-2015,51.4,57.2,46.9,11.5,0.1
12-03-2016,46.4,53.1,43,16.0,0
12-03-2017,45.3,48,39.9,5.0,0
12-03-2018,54.2,57,42.1,10.0,0.41
12-04-2013,43.8,53.1,37.9,4.3,0
12-04-2014,42,46.9,37.9,11.3,0.09
12-04-2015,46.9,55.9,44.1,10.5,0
12-04-2016,44.3,50,41,10.9,0
12-04-2017,45.5,52,39.9,5.0,0
12-04-2018,42,55.9,37,14.9,0
12-05-2013,48.6,57.9,39,5.3,0.01
12-05-2014,38.4,46,34,9.3,0
12-05-2015,47.1,52,43,4.1,0
12-05-2016,44.4,51.1,39.9,8.7,0.16
12-05-2017,53.8,60.1,39.9,11.4,0
12-05-2018,33.1,46,28.9,7.9,0
12-06-2013,50.5,57.9,42.8,7.1,0.05
12-06-2014,44.9,48.9,34,4.1,0.7
12-06-2015,47.1,53.1,39.9,3.6,0
12-06-2016,45.3,51.1,39.9,7.9,0.02
12-06-2017,50.1,60.1,41,11.9,0.69
12-06-2018,35.9,41,28.9,10.6,0
12-07-2013,38.2,43,35.6,10.7,0.81
12-07-2014,39.4,48.9,34,15.3,1.14
12-07-2015,48.8,55,39.9,4.5,0
12-07-2016,43.7,46.9,41,8.6,0.41
12-07-2017,42.7,59,39.9,13.2,0
12-07-2018,37.8,41,32,13.1,0
12-08-2013,32.1,37.9,28.4,8.7,0.13
12-08-2014,29.8,34,24.8,13.7,0.03
12-08-2015,45.3,55,41,6.5,0
12-08-2016,44.6,46.9,41,7.5,0.06
12-08-2017,39.1,46,36,8.7,0
12-08-2018,30.7,39.9,26.1,9.6,0
12-09-2013,34.5,39.2,28.9,10.9,0.19
12-09-2014,38.7,45,25,18.1,0.45
12-09-2015,45.7,53.1,39,4.2,0
12-09-2016,37.5,45,34,15.9,0
12-09-2017,35.2,41,30.9,6.8,0
12-09-2018,33.3,37,26.1,6.7,0
12-10-2013,36,39,32,8.5,0.07
12-10-2014,38.6,45,32,14.8,2.26
12-10-2015,55,61,39,6.0,0
12-10-2016,33.5,42.1,30.9,12.5,0
12-10-2017,35,39.9,30.9,10.9,0.34
12-10-2018,34.7,39.9,30,8.0,0
12-11-2013,30.7,39,27,13.2,0.22
12-11-2014,34.2,37,30.2,14.9,0.02
12-11-2015,54.3,61,48.9,5.4,0
12-11-2016,33,37,30,7.8,0
12-11-2017,38,43,32,9.4,0
12-11-2018,35.1,41,30,6.2,0
12-12-2013,27.6,34,23,12.5,0
12-12-2014,34.5,37.9,30.9,12.7,0.03
12-12-2015,59,66,48.9,3.6,0
12-12-2016,40.5,48,30,7.1,0.48
12-12-2017,44.5,51.8,39,9.6,0
12-12-2018,36.9,41,30,11.6,0
12-13-2013,28.2,35.1,23,13.0,0
12-13-2014,37.2,44.1,32,13.7,0
12-13-2015,57.1,66,53.1,3.3,0
12-13-2016,42,48,35.1,8.9,0.08
12-13-2017,29.2,51.1,21.9,21.0,0
12-13-2018,36.1,41,33.1,9.4,0
12-14-2013,28.6,35.1,24.1,12.0,0
12-14-2014,40.4,45,35.1,11.3,0
12-14-2015,53.7,62.1,51.1,5.6,0
12-14-2016,41.8,45,39,9.3,0
12-14-2017,28.3,33.1,21.9,11.2,0.05
12-14-2018,43.4,52,33.1,8.4,0.07
12-15-2013,33.7,39,24.1,14.2,1.21
12-15-2014,41.6,48.9,37,5.9,0
12-15-2015,60.7,64.4,55,12.4,0.39
12-15-2016,30.7,44.1,23,18.4,0
12-15-2017,25.5,33.1,23,6.5,0.02
12-15-2018,47.9,52,39.9,5.4,0.23
12-16-2013,31,39,26.1,12.0,0.77
12-16-2014,41.5,48.9,36,5.6,0
12-16-2015,50,64,45,10.8,0.11
12-16-2016,22.6,36,19,12.6,0
12-16-2017,30.9,39.9,23,12.9,0.13
12-16-2018,42.5,46.9,39.2,16.3,0.32
12-17-2013,27.2,34,24.1,7.3,0
12-17-2014,46.5,53.1,36,8.6,0.19
12-17-2015,53.4,59,48,6.5,0.05
12-17-2016,30.7,37.9,19,5.7,0.18
12-17-2017,35.7,39.9,25,5.9,0
12-17-2018,40.9,46,36,13.7,0.98
12-18-2013,28.6,37,24.1,9.4,0.16
12-18-2014,41,53.1,37.9,15.4,0.03
12-18-2015,51.1,59,43,9.6,0.88
12-18-2016,46.7,61,26.1,9.4,0.56
12-18-2017,38.4,46.9,33.1,5.7,0.02
12-18-2018,36.5,46,30.9,19.8,0
12-19-2013,36.6,45,24.1,9.6,0
12-19-2014,36.8,43,33.1,13.5,0
12-19-2015,39.2,57,36,15.5,0.01
12-19-2016,30.7,39.9,25,11.7,0.01
12-19-2017,50.2,55.9,34,10.9,0
12-19-2018,32.6,42.1,27,8.8,0
12-20-2013,45.2,52,30.9,5.4,0
12-20-2014,31.9,37.9,30,7.8,0
12-20-2015,39.8,44.1,36,12.0,0
12-20-2016,27.4,36,23,5.7,0
12-20-2017,47.7,55.9,39.9,14.3,0
12-20-2018,40.1,43,27,5.4,0
12-21-2013,53.6,60.1,37.9,6.6,0
12-21-2014,33.1,36,30,5.7,0
12-21-2015,45.6,55,36,8.0,0
12-21-2016,36.3,42.1,23,7.1,0
12-21-2017,37.2,53.1,34,9.2,0
12-21-2018,53.8,62.1,34,13.6,1.07
12-22-2013,58.4,69.1,50,9.0,0.01
12-22-2014,37.9,43,32,7.1,0
12-22-2015,56.8,62.6,55,6.4,0
12-22-2016,43,50,33.1,7.9,0
12-22-2017,40.1,51.1,34,6.3,0
12-22-2018,48.5,62.1,42.1,15.7,0.86
12-23-2013,58.5,69.1,50,6.2,0.09
12-23-2014,44.1,46.4,42.8,9.9,0.17
12-23-2015,54.2,62.1,50,6.1,0.18
12-23-2016,43.6,50,37,10.2,0
12-23-2017,41.2,53.1,36,7.4,0.05
12-23-2018,40.3,53.1,37,11.7,0
12-24-2013,39.2,62.1,34,10.7,0.44
12-24-2014,44.5,54,42.8,7.8,0.08
12-24-2015,64,72,50,9.2,1.46
12-24-2016,43.8,48.9,39.9,7.9,0.01
12-24-2017,40.3,53.1,37,10.1,0.49
12-24-2018,39.3,43,35.6,7.2,0.08
12-25-2013,25.6,42.1,19,10.3,0
12-25-2014,52.6,63,43,12.0,0.71
12-25-2015,60.3,72,54,2.3,0.01
12-25-2016,45.5,51.1,39.9,9.4,0.51
12-25-2017,36.3,41,32,15.8,0.23
12-25-2018,37.5,43,35.1,11.1,0.01
12-26-2013,31.7,36,19,6.2,0
12-26-2014,45.3,63,39.9,9.4,0.07
12-26-2015,54.5,64,50,7.7,0.03
12-26-2016,38.9,51.1,34,10.0,0
12-26-2017,27,39,24.1,16.4,0.22
12-26-2018,37.1,43,33.1,9.2,0
12-27-2013,35.6,39.9,30,10.3,0
12-27-2014,47.4,55,39.9,4.6,0
12-27-2015,52.4,62.6,46,6.8,0.14
12-27-2016,55.9,62.1,34,12.5,0
12-27-2017,22.8,28.9,19,10.5,0
12-27-2018,41.1,43,33.1,8.4,0
12-28-2013,42.4,55,32,9.3,0
12-28-2014,48.1,55,42.1,6.8,0
12-28-2015,44.8,62.1,39,11.7,0.02
12-28-2016,41.9,62.1,37.9,12.6,0
12-28-2017,17.3,25,14,15.2,0
12-28-2018,47.2,57.9,39,8.2,0.18
12-29-2013,45.2,55,36,7.1,0
12-29-2014,41.3,52,37.9,10.0,0.1
12-29-2015,40.2,46.9,33.8,12.7,0.37
12-29-2016,39.7,48,34,7.5,0
12-29-2017,15.5,21.9,12,12.0,0
12-29-2018,52.3,57.9,43,12.1,0.95
12-30-2013,40.5,48,28.9,11.3,1.2
12-30-2014,32.6,44.1,28.9,8.0,0
12-30-2015,41.8,48,34,4.8,0.13
12-30-2016,39.7,48,34,15.3,0.48
12-30-2017,20,23,18,7.8,0
12-30-2018,37.5,57,32,7.6,0
12-31-2013,26,44.1,21,9.9,0
12-31-2014,29.4,35.1,27,7.8,0
12-31-2015,47,48.2,46,5.7,0.17
12-31-2016,37.8,45,34,12.5,0
12-31-2017,22,23,19.9,13.6,0.48
12-31-2018,40.4,45,32,5.8,0
